year,Afghanistan,Albania,Algeria,Andorra,Angola,Antigua and Barbuda,Argentina,Armenia,Australia,Austria,Azerbaijan,Bahamas,Bahrain,Bangladesh,Barbados,Belarus,Belgium,Belize,Benin,Bhutan,Bolivia,Bosnia and Herzegovina,Botswana,Brazil,Brunei,Bulgaria,Burkina Faso,Burundi,Cambodia,Cameroon,Canada,Cape Verde,Central African Republic,Chad,Chile,China,Colombia,Comoros,"Congo, Dem. Rep.","Congo, Rep.",Costa Rica,Cote d'Ivoire,Croatia,Cuba,Cyprus,Czech Republic,Denmark,Djibouti,Dominica,Dominican Republic,Ecuador,Egypt,El Salvador,Equatorial Guinea,Eritrea,Estonia,Ethiopia,Fiji,Finland,France,Gabon,Gambia,Georgia,Germany,Ghana,Greece,Grenada,Guatemala,Guinea,Guinea-Bissau,Guyana,Haiti,Holy See,Honduras,Hungary,Iceland,India,Indonesia,Iran,Iraq,Ireland,Israel,Italy,Jamaica,Japan,Jordan,Kazakhstan,Kenya,Kiribati,Kuwait,Kyrgyz Republic,Lao,Latvia,Lebanon,Lesotho,Liberia,Libya,Liechtenstein,Lithuania,Luxembourg,"Macedonia, FYR",Madagascar,Malawi,Malaysia,Maldives,Mali,Malta,Marshall Islands,Mauritania,Mauritius,Mexico,"Micronesia, Fed. Sts.",Moldova,Monaco,Mongolia,Montenegro,Morocco,Mozambique,Myanmar,Namibia,Nauru,Nepal,Netherlands,New Zealand,Nicaragua,Niger,Nigeria,North Korea,Norway,Oman,Pakistan,Palau,Palestine,Panama,Papua New Guinea,Paraguay,Peru,Philippines,Poland,Portugal,Qatar,Romania,Russia,Rwanda,Samoa,San Marino,Sao Tome and Principe,Saudi Arabia,Senegal,Serbia,Seychelles,Sierra Leone,Singapore,Slovak Republic,Slovenia,Solomon Islands,Somalia,South Africa,South Korea,South Sudan,Spain,Sri Lanka,St. Kitts and Nevis,St. Lucia,St. Vincent and the Grenadines,Sudan,Suriname,Swaziland,Sweden,Switzerland,Syria,Tajikistan,Tanzania,Thailand,Timor-Leste,Togo,Tonga,Trinidad and Tobago,Tunisia,Turkey,Turkmenistan,Tuvalu,Uganda,Ukraine,United Arab Emirates,United Kingdom,United States,Uruguay,Uzbekistan,Vanuatu,Venezuela,Vietnam,Yemen,Zambia,Zimbabwe
1950,11.9,46.1,3.73,13.2,3.65,105,6.27,47.5,1.06,84.2,35.4,7.9,152,291,491,38.2,285,3.02,20,4.64,2.85,52.2,0.728,6.46,9.11,66.8,15.7,89.9,25.1,9.11,1.51,44.2,2.13,1.99,8.32,59.1,11.1,85.7,5.37,2.42,18.8,8.27,68.8,55.6,53.5,115,101,2.67,68.1,48.9,14,20.8,106,8.04,11.3,26,18.1,15.8,13.2,76.5,1.84,26.8,50.8,201,21.9,59.5,226,29.1,12.6,19,2.07,117,2060,13.8,103,1.42,127,38.4,10.5,13.2,42.3,58.1,158,130,227,5.42,2.48,10.7,40.8,8.59,9.07,7.29,31,130,24.2,9.66,0.639,86,41,114,49.7,7.02,31.3,18.6,246,3.86,975,72.2,0.641,243,14.4,45.7,71.3,13400,0.502,29.3,20.1,7.82,26.3,0.589,148,59.2,298,7.25,10.8,2.02,41.6,87.6,8.94,1.47,48.7,16.2,155,11.6,3.7,3.71,6.04,62.3,81.1,91.9,2.15,70.5,6.28,88.6,29,213,62.5,1.45,12.9,77,79,28.3,1460,71.5,73.1,3.21,3.61,11.2,198,4.23,56.3,127,177,136,172,3.25,1.38,15.9,17.1,118,18.6,10.9,8.64,40.5,29.1,25.7,65.6,126,23.2,27.8,2.58,172,25.8,64.4,0.832,209,17.4,12.8,14.7,3.91,6.22,80,8.34,3.11,7.1
1951,12,47,3.8,14.2,3.74,110,6.4,48.5,1.1,84.1,36.1,7.99,154,297,502,38,287,3.12,20,4.74,2.9,53.2,0.75,6.65,9.67,67.3,15.8,91.9,25.7,9.27,1.55,46.2,2.15,2.02,8.51,60.7,11.4,87.7,5.48,2.47,19.3,8.48,69.4,56.9,54.2,117,102,2.73,68.9,50.5,14.3,21.3,108,8.23,11.5,26.3,18.5,16.2,13.3,76.8,1.85,26.9,51.2,202,22.3,60.1,225,30,12.8,19.3,2.13,119,2010,14.2,105,1.45,129,39.1,10.8,13.6,42.4,62.6,160,133,231,6.04,2.53,11,41.5,8.86,9.21,7.47,31.1,133,24.5,9.79,0.65,87.1,41,115,51.2,7.16,31.9,19.1,247,3.9,976,73.5,0.655,249,14.8,47.7,72.5,13000,0.511,29.8,20.7,7.95,26.7,0.601,153,60.4,302,7.4,11.1,2.08,42.2,85.1,9.04,1.49,49.3,16.3,153,11.9,3.76,3.81,6.19,64.5,82.6,92.1,2.37,71.7,6.37,91.2,29.8,215,61.7,1.49,13.2,78.4,80.2,28.6,1530,73,73.6,3.28,3.68,11.5,200,4.26,56.6,129,177,137,175,3.33,1.43,16.2,17.2,120,19.1,11.3,8.86,41.6,29.5,26.2,68.5,128,23.8,28.5,2.62,174,26.6,65.3,0.805,209,17.6,12.9,15.2,4.01,6.5,81.8,8.47,3.18,7.31
1952,12.2,48,3.87,15.4,3.83,114,6.53,49.8,1.12,84.1,37,8.13,157,303,511,38,288,3.22,20.1,4.85,2.95,54.2,0.771,6.86,10.2,67.9,16,93.6,26.4,9.44,1.59,47.5,2.17,2.06,8.7,62,11.8,89.5,5.59,2.52,19.9,8.71,70.1,58.1,54.8,118,102,2.79,69.7,52.1,14.7,21.8,110,8.34,11.7,26.5,18.8,16.7,13.5,77.4,1.85,27.3,51.6,203,22.8,60.6,227,30.9,13,19.6,2.2,121,2000,14.6,106,1.47,131,39.9,11,14,42.4,67.1,161,136,235,6.49,2.61,11.3,42.3,9.13,9.36,7.64,31.3,136,24.9,9.94,0.661,88.3,41.1,116,52.4,7.32,32.5,19.6,251,3.94,978,74.7,0.671,257,15.3,49.4,74,12800,0.52,30.5,21.3,8.08,27.2,0.613,160,61.6,305,7.57,11.4,2.14,42.9,83.5,9.13,1.52,49.9,16.6,155,12.2,3.82,3.9,6.35,66.9,84.1,92.6,2.57,72.8,6.47,93.8,30.7,218,61,1.53,13.5,79.6,81.4,28.9,1600,74.6,74.1,3.36,3.75,11.8,204,4.3,57,132,179,139,178,3.42,1.47,16.6,17.4,121,19.6,11.7,9.09,42.7,29.8,26.5,71.1,132,24.3,29.2,2.68,176,27.3,66.2,0.826,210,17.9,13.1,15.7,4.13,6.79,83.8,8.61,3.27,7.54
1953,12.3,49.2,3.95,16.7,3.92,117,6.66,51.3,1.15,84.2,38,8.33,162,310,518,38.1,290,3.31,20.2,4.95,3,55.3,0.791,7.06,10.8,68.5,16.1,95.2,27.1,9.6,1.64,48.3,2.2,2.09,8.89,63.1,12.1,91.2,5.71,2.58,20.5,8.97,70.7,59.2,55.6,119,103,2.86,70.6,53.8,15.1,22.4,112,8.41,11.9,26.8,19.2,17.2,13.6,78,1.86,28,52.2,203,23.5,61.2,230,31.9,13.1,19.9,2.28,123,2010,15,107,1.5,133,40.8,11.3,14.3,42.4,71.5,162,138,238,6.87,2.71,11.6,43.2,9.42,9.53,7.82,31.5,140,25.2,10.1,0.675,89.6,41.3,116,53.4,7.47,33.1,20.2,255,3.99,979,75.7,0.688,265,15.8,51,75.8,12800,0.53,31.4,22,8.22,27.8,0.626,167,62.7,309,7.75,11.8,2.21,43.6,82.7,9.22,1.54,50.7,16.9,158,12.5,3.89,4,6.52,69.3,85.8,93.2,2.76,73.9,6.58,96.4,31.5,222,60.6,1.57,13.9,80.8,82.5,29.2,1680,76.2,74.6,3.45,3.82,12.1,209,4.34,57.5,134,181,140,181,3.51,1.52,17,17.5,123,20.1,12.1,9.34,43.9,30.2,26.7,73.3,136,24.7,30,2.74,179,28,67.2,0.869,210,18.1,13.2,16.2,4.25,7.08,85.9,8.75,3.35,7.78
1954,12.5,50.5,4.03,18.1,4.01,119,6.79,53,1.17,84.2,39.1,8.57,169,316,524,38.2,292,3.41,20.3,5.06,3.05,56.4,0.81,7.27,11.4,69.1,16.3,96.9,27.8,9.77,1.68,48.8,2.22,2.13,9.09,64.1,12.5,92.9,5.83,2.63,21.2,9.24,71.4,60.4,56.4,120,104,2.93,71.6,55.6,15.5,23,115,8.47,12.1,27.1,19.6,17.8,13.8,78.7,1.87,28.9,52.8,204,24.2,61.7,234,32.8,13.3,20.2,2.36,125,2030,15.4,108,1.54,135,41.7,11.6,14.6,42.3,75.6,163,140,241,7.26,2.83,11.9,44.2,9.77,9.72,8.01,31.8,145,25.6,10.3,0.69,91,41.6,117,54.4,7.64,33.8,20.8,260,4.03,979,76.6,0.706,273,16.3,52.5,77.8,12900,0.54,32.2,22.8,8.37,28.3,0.639,174,63.8,313,7.93,12.1,2.27,44.3,82.8,9.31,1.57,51.5,17.4,161,12.8,3.96,4.11,6.69,71.8,87.4,93.9,2.93,74.9,6.69,99.3,32.4,225,60.7,1.61,14.2,81.8,83.6,29.5,1770,77.8,75.2,3.54,3.9,12.4,215,4.4,57.9,137,184,141,185,3.61,1.56,17.4,17.6,124,20.7,12.4,9.6,45.1,30.6,26.9,75.2,140,25.1,30.8,2.82,182,28.8,68.1,0.915,211,18.5,13.4,16.7,4.37,7.37,88.3,8.89,3.45,8.02
1955,12.7,51.8,4.13,19.6,4.1,120,6.92,54.9,1.2,84.4,40.3,8.85,176,324,528,38.5,294,3.5,20.4,5.18,3.11,57.6,0.829,7.49,12,69.7,16.5,98.6,28.6,9.95,1.73,49,2.25,2.17,9.29,65.1,12.8,94.5,5.96,2.69,21.9,9.53,72,61.4,57.4,121,105,3,72.7,57.5,15.9,23.6,117,8.53,12.4,27.3,19.9,18.3,13.9,79.5,1.87,30,53.4,205,25,62.1,238,33.8,13.5,20.5,2.45,128,2060,15.8,109,1.57,138,42.7,11.8,15,42.1,79.4,164,142,244,7.69,2.96,12.3,45.2,10.2,9.93,8.19,32.2,150,25.9,10.5,0.708,92.7,41.9,118,55.2,7.81,34.5,21.4,266,4.08,979,77.2,0.725,281,16.8,54.1,80,13200,0.55,33,23.5,8.52,28.9,0.653,181,64.8,318,8.11,12.5,2.33,45.1,83.8,9.39,1.6,52.4,17.9,164,13.2,4.03,4.21,6.86,74.4,89,94.7,3.09,76,6.8,102,33.3,230,61.2,1.66,14.6,82.7,84.6,29.9,1860,79.3,75.8,3.65,3.97,12.7,221,4.45,58.4,140,187,142,189,3.71,1.6,17.9,17.7,126,21.3,12.8,9.87,46.4,31,27.1,76.8,144,25.4,31.5,2.9,186,29.5,69.1,0.952,211,18.8,13.6,17.2,4.51,7.66,90.8,9.03,3.54,8.28
1956,12.9,53.3,4.23,21.3,4.19,121,7.04,56.9,1.23,84.5,41.5,9.18,183,332,531,38.8,295,3.6,20.6,5.3,3.16,58.7,0.847,7.7,12.7,70.2,16.7,100,29.3,10.1,1.78,49.1,2.27,2.21,9.5,66,13.2,96.2,6.1,2.76,22.7,9.82,72.6,62.5,58.4,122,105,3.08,74.1,59.5,16.4,24.3,120,8.62,12.6,27.6,20.3,18.9,14.1,80.3,1.88,31.3,54.2,206,25.8,62.6,244,34.9,13.7,20.8,2.54,130,2060,16.3,109,1.61,140,43.7,12.1,15.3,41.8,83,165,144,247,8.2,3.1,12.6,46.2,10.8,10.2,8.38,32.6,155,26.3,10.7,0.727,94.5,42.3,119,56,7.99,35.2,22.1,272,4.12,977,77.7,0.744,290,17.3,55.8,82.2,13500,0.561,33.7,24.3,8.68,29.5,0.667,188,65.9,322,8.29,13,2.4,45.9,85.4,9.48,1.63,53.4,18.5,167,13.6,4.1,4.32,7.05,77,90.7,95.3,3.24,77,6.91,106,34.2,234,62.2,1.7,15,83.6,85.5,30.3,1960,80.8,76.5,3.75,4.05,13,229,4.52,58.9,143,189,143,193,3.81,1.65,18.3,17.8,127,22,13.2,10.1,47.7,31.5,27.4,78.3,149,25.7,32.3,2.99,189,30.3,70,0.977,212,19.1,13.7,17.7,4.64,7.96,93.4,9.18,3.64,8.54
1957,13.1,54.7,4.33,22.9,4.27,122,7.17,59,1.25,84.8,42.8,9.55,191,340,533,39.1,297,3.7,20.8,5.43,3.22,59.8,0.866,7.93,13.4,70.8,16.9,102,30.1,10.3,1.83,49.1,2.31,2.25,9.71,67,13.6,97.8,6.25,2.82,23.5,10.1,73.2,63.6,59.5,123,106,3.18,75.5,61.6,16.8,25,123,8.72,12.9,27.9,20.8,19.5,14.2,81,1.89,32.7,55,207,26.6,63,249,35.9,13.9,21.1,2.63,132,2070,16.7,110,1.64,143,44.8,12.5,15.6,41.6,86.3,166,145,249,8.77,3.25,13,47.3,11.5,10.4,8.58,32.9,160,26.7,10.9,0.748,96.4,42.7,119,56.8,8.17,36,22.7,278,4.17,974,78.2,0.765,298,17.9,57.7,84.5,14000,0.573,34.3,25.1,8.85,30.1,0.683,195,67,326,8.47,13.4,2.46,46.8,87.6,9.56,1.67,54.5,19.1,169,14,4.18,4.43,7.24,79.7,92.3,95.9,3.4,78.1,7.02,109,35.2,239,63.5,1.75,15.4,84.3,86.5,30.6,2060,82.2,77.1,3.86,4.13,13.3,237,4.59,59.4,147,192,144,197,3.92,1.7,18.8,17.9,129,22.6,13.6,10.4,49.1,32,27.8,79.7,153,26,33.2,3.09,192,31.1,70.9,0.994,213,19.4,13.9,18.2,4.78,8.26,96.3,9.32,3.75,8.81
1958,13.3,56.3,4.44,24.7,4.36,123,7.29,61.2,1.28,85,44.1,9.97,199,350,534,39.5,299,3.81,21,5.57,3.28,60.9,0.885,8.16,14.1,71.4,17.2,104,30.8,10.5,1.88,49.3,2.34,2.3,9.93,67.9,14,99.4,6.4,2.89,24.3,10.5,73.8,64.6,60.5,123,107,3.29,77,63.7,17.3,25.7,126,8.84,13.2,28.1,21.2,20.2,14.4,81.9,1.91,34,55.8,208,27.4,63.5,254,37,14.1,21.4,2.72,135,2070,17.2,110,1.68,145,46,12.8,16,41.3,89.6,167,147,252,9.38,3.4,13.4,48.5,12.5,10.7,8.78,33.4,165,27.1,11.1,0.772,98.5,43.2,120,57.5,8.36,36.7,23.4,285,4.22,973,78.9,0.787,307,18.4,59.6,86.8,14400,0.586,34.9,25.9,9.03,30.8,0.698,203,68,330,8.64,13.8,2.53,47.7,90.1,9.65,1.7,55.7,19.8,171,14.4,4.27,4.55,7.44,82.4,93.8,96.4,3.58,79.1,7.12,113,36.2,244,64.9,1.79,15.8,85.1,87.5,31,2150,83.6,77.7,3.97,4.22,13.7,245,4.67,59.9,150,194,145,200,4.03,1.75,19.3,18,130,23.4,14,10.7,50.6,32.5,28.2,81.3,158,26.2,34,3.19,195,32,71.8,1.01,214,19.8,14.1,18.8,4.92,8.57,99.2,9.48,3.86,9.09
1959,13.5,58,4.56,26.6,4.44,124,7.41,63.5,1.31,85.4,45.6,10.4,206,360,536,39.9,301,3.92,21.3,5.71,3.35,62.1,0.905,8.39,14.8,72,17.4,106,31.6,10.7,1.93,49.6,2.37,2.34,10.1,69,14.4,101,6.56,2.96,25.2,10.8,74.4,65.8,61.4,124,107,3.43,78.6,65.9,17.8,26.4,130,8.97,13.5,28.4,21.7,20.8,14.5,82.8,1.92,35.3,56.7,209,28.3,63.8,260,38.1,14.3,21.6,2.81,138,2060,17.7,110,1.72,148,47.2,13.1,16.4,41.1,93,168,149,255,9.97,3.55,13.8,49.7,13.6,11,8.98,33.8,171,27.6,11.4,0.797,101,43.7,121,58.3,8.56,37.5,24.1,292,4.27,972,79.9,0.809,316,19,61.6,89.2,14700,0.6,35.5,26.8,9.21,31.4,0.715,212,69.1,335,8.82,14.3,2.6,48.6,92.6,9.73,1.74,56.9,20.3,174,14.8,4.35,4.67,7.64,85.2,95.3,96.8,3.8,80,7.22,116,37.2,250,66.1,1.84,16.2,85.7,88.8,31.4,2250,84.9,78.2,4.09,4.3,14,253,4.75,60.5,154,196,146,204,4.15,1.81,19.8,18.1,132,24.1,14.4,11,52.1,33,28.7,83.2,162,26.5,34.8,3.3,199,33,72.7,1.04,215,20.1,14.3,19.4,5.07,8.9,102,9.63,3.97,9.38
1960,13.8,59.7,4.67,28.5,4.53,126,7.53,65.8,1.34,85.8,47.1,10.9,214,370,537,40.3,303,4.04,21.6,5.86,3.41,63.2,0.926,8.64,15.5,72.6,17.7,108,32.4,11,1.97,50.2,2.41,2.38,10.4,70.1,14.9,103,6.73,3.04,26.1,11.2,74.9,67.1,62,124,108,3.61,80,68.2,18.3,27.1,133,9.1,13.8,28.7,22.2,21.5,14.6,83.8,1.94,36.4,57.7,211,29.2,64.2,264,39.3,14.6,21.9,2.9,140,2060,18.2,110,1.75,151,48.5,13.5,16.8,41,96.6,169,150,257,10.5,3.7,14.2,50.9,15.1,11.3,9.19,34.2,176,28,11.6,0.823,103,44.2,121,59,8.76,38.4,24.8,300,4.31,974,81.5,0.833,325,19.6,63.6,91.4,15100,0.615,36.2,27.6,9.4,32.1,0.732,222,70.2,340,9.01,14.7,2.68,49.6,94.9,9.81,1.78,58.3,21,178,15.2,4.44,4.79,7.86,88.1,96.7,97.1,4.08,80.9,7.32,119,38.4,257,66.9,1.9,16.7,86.4,90.3,31.8,2330,86.1,78.8,4.21,4.39,14.4,261,4.84,61.1,157,197,147,208,4.27,1.86,20.3,18.2,134,24.9,14.9,11.4,53.6,33.6,29.1,85.6,165,26.9,35.7,3.41,203,34,73.6,1.11,217,20.4,14.5,20.1,5.23,9.24,105,9.8,4.1,9.69
1961,14,61.5,4.79,30.6,4.61,128,7.66,68.2,1.37,86.3,48.8,11.5,221,381,539,40.7,305,4.15,21.9,6.01,3.48,64.5,0.948,8.9,16.2,73.3,17.9,111,33.3,11.2,2.01,51.1,2.45,2.43,10.6,71.2,15.3,104,6.9,3.12,27.1,11.6,75.5,68.5,62.4,125,109,3.82,81.4,70.5,18.8,27.9,137,9.23,14.2,29,22.7,22.3,14.7,84.9,1.96,37.2,58.7,212,30.2,64.5,268,40.5,14.8,22.2,2.99,143,2050,18.7,111,1.79,154,49.8,13.8,17.2,40.9,100,170,152,259,11,3.86,14.7,52.2,16.9,11.7,9.4,34.7,182,28.5,11.9,0.851,106,44.8,123,59.8,8.98,39.2,25.6,308,4.36,978,83.6,0.857,335,20.3,65.7,93.6,15300,0.632,37,28.5,9.59,32.8,0.75,234,71.3,344,9.21,15.2,2.75,50.6,96.9,9.89,1.83,59.7,21.5,182,15.7,4.53,4.92,8.09,91.1,98,97.4,4.43,81.6,7.41,121,39.6,263,67.2,1.96,17.1,87,92.2,32.3,2410,87.3,79.3,4.34,4.49,14.8,268,4.93,61.8,161,197,149,211,4.4,1.91,20.8,18.4,136,25.7,15.4,11.7,55.2,34.2,29.4,88.5,169,27.3,36.6,3.53,208,35.1,74.6,1.21,218,20.7,14.7,20.8,5.39,9.59,109,9.96,4.22,10
1962,14.3,63.4,4.91,32.7,4.71,130,7.78,70.6,1.39,86.8,50.5,12.1,228,392,541,41.1,307,4.27,22.2,6.16,3.54,65.7,0.972,9.16,17,73.9,18.1,113,34.2,11.4,2.05,52.3,2.5,2.48,10.8,72.4,15.8,106,7.08,3.2,28.1,12.1,76,70,62.5,125,110,4.06,82.6,72.9,19.4,28.6,141,9.36,14.6,29.4,23.2,23.1,14.8,86.1,1.98,37.9,59.7,214,31.1,64.8,272,41.7,15,22.4,3.08,146,2040,19.3,111,1.82,157,51.1,14.2,17.7,41,105,172,155,262,11.4,4.01,15.2,53.5,19,12.1,9.62,35.1,188,29.1,12.2,0.881,108,45.4,124,60.6,9.2,40.1,26.5,316,4.41,984,86.4,0.882,344,20.9,67.7,95.8,15500,0.651,37.9,29.3,9.79,33.5,0.768,247,72.4,349,9.41,15.7,2.83,51.6,98.6,9.96,1.87,61.1,22.1,187,16.2,4.63,5.05,8.32,94.2,99.2,97.6,4.85,82.2,7.5,124,40.9,270,67.1,2.03,17.6,87.7,94.4,32.7,2490,88.4,79.7,4.47,4.58,15.2,276,5.02,62.5,165,196,151,213,4.53,1.96,21.3,18.5,139,26.6,16,12.1,56.9,34.8,29.7,92,172,27.7,37.5,3.65,213,36.2,75.5,1.35,220,21,14.9,21.5,5.56,9.97,112,10.1,4.36,10.3
1963,14.6,65.3,5.03,34.9,4.8,132,7.9,73,1.42,87.4,52.2,12.7,234,404,543,41.5,308,4.39,22.6,6.32,3.61,67,0.998,9.43,17.8,74.5,18.4,115,35,11.7,2.09,53.8,2.55,2.53,11.1,73.7,16.3,108,7.26,3.28,29.1,12.6,76.5,71.6,62.5,126,110,4.34,83.9,75.3,19.9,29.4,146,9.5,14.9,29.7,23.8,23.9,14.9,87.3,2,38.4,60.8,215,32.1,65,275,42.9,15.3,22.6,3.16,149,2030,19.8,112,1.86,161,52.5,14.5,18.2,41.2,109,173,157,264,11.8,4.15,15.7,54.8,21.3,12.5,9.85,35.6,194,29.6,12.4,0.913,111,46.1,125,61.4,9.43,41.1,27.3,325,4.46,992,89.5,0.908,353,21.6,69.8,97.8,15500,0.671,38.7,30.2,10,34.2,0.788,261,73.6,354,9.61,16.2,2.92,52.7,100,10,1.92,62.7,22.6,193,16.7,4.72,5.18,8.56,97.3,100,97.7,5.32,82.8,7.58,126,42.2,277,66.9,2.1,18.1,88.3,96.8,33.2,2560,89.4,80.1,4.6,4.68,15.6,283,5.13,63.2,169,194,153,216,4.67,2.02,21.7,18.6,142,27.4,16.6,12.4,58.7,35.5,30,95.8,174,28.2,38.4,3.77,218,37.5,76.4,1.5,221,21.3,15.1,22.2,5.74,10.4,115,10.3,4.5,10.7
1964,14.9,67.3,5.16,37.2,4.89,135,8.02,75.3,1.45,88,53.9,13.4,241,416,545,41.8,310,4.52,22.9,6.49,3.68,68.2,1.02,9.71,18.6,75.1,18.6,117,35.9,11.9,2.13,55.5,2.59,2.58,11.3,75.2,16.7,109,7.46,3.37,30.1,13.1,76.9,73.2,62.6,127,111,4.64,85.2,77.8,20.5,30.2,150,9.68,15.3,30.1,24.4,24.7,15,88.4,2.03,39,61.8,217,33,65.3,277,44.1,15.5,22.9,3.24,152,2000,20.4,112,1.89,164,53.9,14.9,18.7,41.3,113,174,160,267,12.4,4.29,16.2,56.1,23.9,13,10.1,36,200,30.2,12.7,0.948,114,46.7,126,62.2,9.67,42,28.2,334,4.51,999,92.8,0.935,362,22.3,72.1,99.7,15600,0.692,39.3,31,10.2,35,0.808,275,74.8,359,9.8,16.6,3,53.9,102,10.1,1.97,64.3,23,196,17.2,4.83,5.32,8.81,100,101,97.6,5.82,83.4,7.66,128,43.6,284,66.9,2.18,18.6,89,99.2,33.7,2620,90.3,80.5,4.74,4.78,16,290,5.23,63.9,173,192,155,218,4.82,2.07,22.2,18.7,145,28.3,17.2,12.8,60.4,36.2,30.6,99.7,176,28.7,39.3,3.9,223,38.8,77.3,1.66,223,21.6,15.2,23,5.92,10.7,119,10.5,4.64,11
1965,15.2,69.2,5.3,39.5,4.98,138,8.14,77.7,1.48,88.6,55.6,14,247,429,547,42.2,312,4.65,23.3,6.68,3.76,69.3,1.05,9.99,19.4,75.7,18.9,120,36.6,12.2,2.17,57.4,2.65,2.63,11.6,77,17.3,111,7.66,3.47,31.1,13.6,77.4,74.7,62.9,127,112,4.96,86.7,80.3,21.1,31,154,9.89,15.7,30.4,25,25.4,15,89.4,2.07,39.6,62.9,219,33.9,65.6,278,45.4,15.8,23.2,3.31,155,1940,21,112,1.92,167,55.4,15.3,19.3,41.5,117,176,162,270,13.2,4.41,16.7,57.3,26.6,13.4,10.3,36.4,205,30.8,13,0.985,117,47.3,127,63.1,9.92,43,29,343,4.56,1000,96,0.963,371,23,74.6,102,15600,0.713,39.7,31.9,10.4,35.8,0.829,287,76.1,363,9.98,17.1,3.09,55,104,10.2,2.02,66,23.4,198,17.7,4.94,5.46,9.07,104,102,97.3,6.34,84.2,7.72,131,44.9,291,67.5,2.25,19.1,89.6,102,34.3,2680,91.2,80.9,4.89,4.89,16.4,297,5.34,64.6,177,189,158,220,4.97,2.13,22.8,18.9,148,29.3,17.8,13.2,62.3,36.9,31.4,103,178,29.3,40.2,4.03,227,40.1,78.1,1.8,224,21.8,15.4,23.8,6.09,11.1,122,10.7,4.79,11.4
1966,15.6,71.1,5.45,41.8,5.06,141,8.26,79.9,1.52,89.2,57.1,14.6,252,443,549,42.6,313,4.79,23.8,6.88,3.83,70.3,1.08,10.3,20.4,76.3,19.2,123,37.3,12.5,2.21,59.5,2.7,2.68,11.8,78.9,17.8,114,7.88,3.56,32.2,14.1,77.7,76.2,63.3,127,113,5.3,88.4,82.8,21.8,31.8,159,10.2,16.1,30.8,25.6,26.1,15.1,90.2,2.11,40.3,64,220,34.7,65.8,279,46.8,16.1,23.6,3.38,158,1850,21.6,113,1.95,171,56.9,15.7,19.9,41.7,120,177,164,273,14.3,4.52,17.3,58.6,29.5,13.8,10.6,36.8,209,31.4,13.3,1.03,120,47.9,128,64.1,10.2,44.1,29.8,351,4.62,1010,99.1,0.991,379,23.7,77.4,103,15600,0.734,39.7,32.7,10.7,36.7,0.851,297,77.5,368,10.1,17.7,3.18,56.2,107,10.3,2.07,67.7,23.8,197,18.2,5.05,5.61,9.33,107,103,96.8,6.88,85.1,7.78,135,46.2,297,68.8,2.33,19.7,90.2,104,34.8,2740,91.9,81.3,5.04,5.01,16.9,304,5.46,65.3,181,186,160,223,5.13,2.19,23.3,19,150,30.2,18.4,13.6,64.2,37.6,32.6,107,179,29.9,41.2,4.15,231,41.5,78.9,1.92,226,22.1,15.6,24.7,6.27,11.5,126,10.9,4.95,11.8
1967,15.9,72.9,5.61,44.2,5.15,144,8.38,82.2,1.56,89.8,58.6,15.2,258,458,550,43,315,4.94,24.3,7.1,3.91,71.2,1.12,10.6,21.3,76.9,19.5,126,37.9,12.8,2.24,61.7,2.76,2.73,12.1,81,18.3,116,8.11,3.67,33.2,14.6,78.1,77.6,64,127,114,5.67,90.2,85.4,22.4,32.7,163,10.5,16.6,31.1,26.3,26.7,15.1,90.9,2.15,41.1,65.1,222,35.4,66.1,279,48.2,16.4,23.9,3.43,161,1740,22.2,113,1.97,175,58.5,16.2,20.6,41.9,123,178,166,277,15.5,4.61,17.8,59.8,32.5,14.3,10.8,37.2,213,32,13.6,1.07,123,48.5,129,65.2,10.4,45.2,30.6,358,4.68,1000,102,1.02,387,24.4,80.5,105,15600,0.755,39.4,33.5,10.9,37.5,0.873,305,78.9,372,10.3,18.2,3.27,57.5,110,10.4,2.13,69.5,24.1,194,18.7,5.18,5.76,9.6,110,104,96.1,7.43,86.1,7.83,139,47.4,304,70.7,2.42,20.3,90.8,106,35.4,2800,92.5,81.6,5.19,5.15,17.3,311,5.58,66,186,182,163,225,5.29,2.25,23.9,19.2,152,31.3,19,14,66.1,38.3,34.1,110,180,30.5,42.2,4.28,235,42.9,79.5,2.04,227,22.3,15.7,25.7,6.44,11.9,129,11.1,5.1,12.1
1968,16.2,74.8,5.77,46.6,5.23,147,8.5,84.3,1.6,90.3,60,15.8,264,473,552,43.5,316,5.09,24.8,7.33,3.99,72.1,1.15,10.8,22.4,77.4,19.9,129,38.4,13.1,2.28,63.9,2.82,2.78,12.4,83.3,18.8,119,8.34,3.77,34.2,15.2,78.4,79,64.8,127,115,6.06,92.1,88,23.1,33.5,168,10.7,17,31.5,26.9,27.3,15.1,91.5,2.2,42,66.1,223,36.1,66.5,279,49.6,16.7,24.4,3.49,165,1620,22.9,114,1.99,178,60.1,16.6,21.3,42.1,125,180,169,280,16.9,4.7,18.5,61,35.6,14.7,11.1,37.6,216,32.7,14,1.11,126,49,130,66.3,10.7,46.4,31.3,367,4.74,1000,105,1.05,394,25.2,83.4,106,15600,0.777,39,34.3,11.1,38.5,0.896,312,80.5,377,10.4,18.8,3.37,58.7,113,10.4,2.2,71.4,24.4,190,19.3,5.31,5.92,9.87,113,105,95.4,8.03,87.1,7.87,143,48.6,310,73,2.51,20.8,91.4,109,36,2850,93.1,82,5.36,5.28,17.8,318,5.7,66.7,190,178,166,227,5.46,2.31,24.5,19.4,153,32.3,19.7,14.4,68.1,39,35.8,113,182,31.2,43.2,4.41,238,44.4,80.1,2.19,228,22.5,15.9,26.6,6.62,12.3,133,11.3,5.26,12.5
1969,16.6,76.6,5.94,49.1,5.33,150,8.63,86.5,1.64,90.8,61.4,16.4,271,487,553,43.9,317,5.23,25.3,7.58,4.07,72.9,1.19,11.1,23.5,77.9,20.2,132,39,13.5,2.32,65.7,2.88,2.83,12.6,85.6,19.4,121,8.58,3.88,35.2,15.8,78.7,80.5,65.6,127,115,6.47,93.6,90.6,23.8,34.4,172,10.9,17.5,31.8,27.7,27.9,15.1,92.2,2.24,43.1,67,225,36.9,66.8,278,51,16.9,24.8,3.53,168,1520,23.6,114,2.01,182,61.7,17,22.1,42.4,128,181,171,284,18.2,4.78,19.1,62.1,38.8,15.1,11.4,37.9,220,33.3,14.3,1.16,130,49.5,130,67.3,11,47.6,32.1,376,4.8,1000,109,1.08,400,25.9,86,108,15700,0.8,38.7,35.1,11.4,39.4,0.921,319,82,381,10.5,19.3,3.46,60.1,116,10.5,2.26,73.3,24.6,187,19.9,5.44,6.07,10.1,117,106,95,8.69,88.2,7.91,148,49.7,315,75.3,2.6,21.5,92.1,111,36.6,2910,93.7,82.4,5.53,5.4,18.3,325,5.83,67.4,195,175,168,230,5.64,2.35,25.2,19.5,155,33.4,20.3,14.9,70.1,39.8,37.4,115,183,31.9,44.2,4.54,240,45.9,80.7,2.44,229,22.7,16,27.6,6.8,12.7,136,11.5,5.43,12.9
1970,17,78.5,6.11,51.7,5.44,152,8.76,88.7,1.67,91.2,62.7,16.9,280,500,555,44.2,318,5.36,25.8,7.83,4.16,73.7,1.23,11.4,24.6,78.4,20.6,135,39.6,13.8,2.36,67,2.94,2.89,12.9,87.9,19.9,124,8.83,4,36.2,16.5,79,81.9,66.4,127,116,6.89,94.8,93.2,24.5,35.2,177,10.9,17.9,32.1,28.4,28.5,15.2,92.9,2.29,44.2,67.8,225,37.8,67.2,278,52.5,17.2,25.3,3.58,171,1460,24.3,115,2.04,186,63.4,17.5,22.8,42.8,132,182,173,288,19.4,4.86,19.8,63.2,41.9,15.5,11.6,38.2,225,34,14.7,1.21,133,50,131,68.2,11.3,48.8,32.9,386,4.88,1000,113,1.11,407,26.8,87.8,109,15800,0.823,38.6,35.9,11.7,40.4,0.948,325,83.7,386,10.7,19.9,3.56,61.5,120,10.6,2.34,75.4,25,187,20.4,5.58,6.23,10.4,120,107,95,9.43,89.3,7.95,152,50.6,319,77.3,2.71,22.1,92.8,114,37.3,2960,94.4,82.9,5.73,5.49,18.8,331,5.97,68.1,199,173,171,232,5.83,2.38,25.9,19.6,156,34.6,20.9,15.4,72.2,40.7,38.9,117,184,32.6,45.3,4.67,243,47.3,81.3,2.82,230,22.9,16.1,28.5,7,13.1,140,11.7,5.61,13.4
1971,17.5,80.4,6.28,54.4,5.56,155,8.9,90.9,1.7,91.6,63.9,17.4,290,510,558,44.6,319,5.47,26.4,8.08,4.25,74.6,1.27,11.7,25.8,78.8,20.9,137,40.4,14.2,2.4,67.7,2.99,2.96,13.1,90.1,20.4,126,9.07,4.12,37.2,17.2,79.3,83.3,67.2,127,117,7.31,95.4,95.8,25.2,36,182,10.8,18.4,32.4,29.2,29.1,15.2,93.6,2.34,45.5,68.5,226,38.8,67.6,277,53.9,17.4,25.8,3.63,174,1460,25,115,2.07,190,65.1,18,23.6,43.4,136,183,176,292,20.3,4.94,20.5,64.2,45,15.8,12,38.6,230,34.7,15.1,1.27,136,50.6,132,69,11.6,50.2,33.7,398,4.95,1000,118,1.15,414,27.6,88.7,111,15900,0.848,38.9,36.6,11.9,41.4,0.977,331,85.4,390,10.9,20.5,3.66,62.9,123,10.7,2.42,77.4,25.3,190,21,5.73,6.38,10.7,124,107,95.5,10.3,90.3,7.99,157,51.4,322,79.2,2.84,22.8,93.6,117,38,3020,95.1,83.5,5.94,5.53,19.4,338,6.11,68.9,203,171,173,234,6.02,2.39,26.7,19.7,157,35.8,21.6,15.9,74.3,41.8,40.2,119,186,33.3,46.4,4.81,246,48.6,81.9,3.34,231,23.1,16.1,29.3,7.22,13.5,143,11.9,5.81,13.8
1972,18,82.3,6.46,57.2,5.69,157,9.06,93.1,1.73,92,65.2,17.8,302,519,561,45,320,5.57,27,8.34,4.34,75.5,1.31,12,27,79.3,21.3,138,41.4,14.5,2.44,67.9,3.05,3.03,13.3,92.2,20.9,129,9.32,4.25,38.1,18,79.6,84.8,68,128,118,7.73,95.6,98.5,25.9,36.8,186,10.4,18.9,32.7,30.1,29.7,15.3,94.5,2.38,46.9,69,226,39.9,68,276,55.4,17.5,26.4,3.67,177,1490,25.8,115,2.09,195,66.8,18.5,24.4,44,140,185,179,296,21.2,5.01,21.2,65.2,48,16.2,12.3,38.9,236,35.5,15.5,1.32,138,51.1,133,69.6,11.9,51.5,34.5,411,5.04,1000,124,1.18,420,28.5,89,113,16100,0.873,39.3,37.4,12.2,42.4,1.01,337,87.2,394,11.1,21.2,3.76,64.4,126,10.8,2.51,79.6,25.8,196,21.6,5.87,6.54,11,127,108,96.5,11.2,91.3,8.03,161,52.1,323,80.8,2.97,23.5,94.5,120,38.8,3070,96,84.2,6.17,5.54,19.9,345,6.26,69.7,207,170,175,237,6.22,2.38,27.5,19.8,159,37,22.2,16.4,76.5,42.9,41.3,120,189,34,47.5,4.95,249,50,82.5,3.98,231,23.3,16.1,30.2,7.45,13.9,147,12.1,6.01,14.3
1973,18.4,84.2,6.64,60.1,5.84,159,9.21,95.3,1.76,92.3,66.3,18.1,315,528,565,45.3,321,5.67,27.6,8.61,4.43,76.4,1.36,12.3,28.2,79.7,21.7,139,42.2,14.9,2.47,67.7,3.11,3.1,13.6,94.3,21.3,131,9.57,4.38,39.1,18.9,79.9,86.2,68.7,129,118,8.22,95.7,101,26.6,37.7,191,10,19.5,33,31,30.3,15.4,95.4,2.42,48.4,69.4,226,41.1,68.5,275,57,17.6,26.9,3.71,180,1560,26.5,115,2.12,199,68.6,19,25.2,44.7,145,186,182,300,21.9,5.09,22,66.2,51,16.5,12.6,39.2,242,36.2,15.9,1.38,141,51.6,134,70.1,12.3,53,35.3,426,5.13,1000,130,1.22,426,29.5,89,114,16400,0.899,40,38.2,12.5,43.4,1.04,343,89,398,11.4,21.9,3.87,66,130,10.8,2.61,81.8,26.2,204,22.2,6.03,6.69,11.3,131,109,97.8,12.3,92.3,8.08,166,52.6,324,82.3,3.12,24.2,95.3,123,39.7,3130,96.9,84.9,6.41,5.59,20.5,351,6.41,70.5,211,170,176,240,6.43,2.36,28.3,19.9,160,38.3,22.9,16.9,78.6,44,42.3,121,192,34.8,48.7,5.09,251,51.3,83.1,4.75,232,23.5,16.1,31,7.69,14.3,150,12.4,6.23,14.8
1974,18.9,86.1,6.82,62.8,6,161,9.37,97.4,1.78,92.5,67.5,18.5,331,537,569,45.6,322,5.76,28.3,8.89,4.53,77.3,1.4,12.6,29.4,80.1,22.1,141,42.7,15.3,2.51,67.6,3.17,3.18,13.8,96.2,21.8,134,9.83,4.52,40.1,19.8,80.1,87.5,69.5,130,119,8.85,95.7,104,27.4,38.5,196,9.61,20,33.3,31.9,30.9,15.5,96.1,2.47,50,69.8,226,42.2,69.2,274,58.5,17.7,27.3,3.75,183,1610,27.3,116,2.15,204,70.4,19.5,26,45.5,150,187,184,305,22.6,5.17,22.8,67.1,54.1,16.8,13,39.5,248,37,16.4,1.44,144,52.2,136,70.8,12.6,54.5,36.1,441,5.22,1010,136,1.25,433,30.4,89.3,116,16700,0.926,40.6,39,12.8,44.4,1.07,349,91,402,11.6,22.5,3.98,67.7,132,10.9,2.72,84.2,26.5,212,22.9,6.19,6.86,11.6,135,110,99.3,13.2,93.2,8.12,171,53.1,326,84,3.28,24.9,96.2,126,40.6,3180,97.8,85.7,6.66,5.78,21,358,6.58,71.3,215,171,178,242,6.65,2.34,29.2,19.9,160,39.7,23.6,17.5,80.8,44.7,43.3,122,194,35.6,49.9,5.23,254,52.7,83.6,5.64,232,23.7,16.1,31.8,7.94,14.7,154,12.6,6.45,15.3
1975,19.3,88,7.02,65.3,6.16,163,9.53,99.5,1.8,92.7,68.6,18.9,351,548,572,45.9,323,5.84,29,9.18,4.62,78.1,1.46,12.9,30.7,80.5,22.5,143,42.6,15.8,2.55,67.6,3.24,3.25,14,98.1,22.3,138,10.1,4.66,41.1,20.8,80.4,88.7,70.3,130,119,9.67,96.1,107,28.1,39.4,200,9.26,20.6,33.5,32.6,31.6,15.5,96.8,2.52,51.5,70.1,226,43.2,69.9,272,60,17.8,27.7,3.79,187,1650,28.2,116,2.18,209,72.2,20.1,26.9,46.2,154,188,187,308,23.2,5.23,23.7,68.1,57.5,17.2,13.2,39.7,252,37.9,16.9,1.5,146,52.6,137,71.5,13,56.1,37,455,5.31,1010,142,1.29,440,31.3,90.2,117,16900,0.952,41.2,39.9,13.2,45.5,1.1,353,93,406,11.7,23.2,4.09,69.6,135,11,2.85,86.6,26.7,220,23.5,6.36,7.02,11.9,138,111,101,14.2,94.1,8.17,177,53.5,329,86,3.46,25.6,97.2,130,41.5,3230,98.8,86.5,6.91,6.19,21.6,364,6.74,72.1,219,170,180,245,6.88,2.32,30.1,20,161,41,24.2,18,82.9,44.7,44.3,123,197,36.4,51,5.37,256,54.2,84.2,6.63,232,24,16.2,32.7,8.19,15.1,157,12.9,6.68,15.8
1976,19.7,89.9,7.22,67.6,6.34,164,9.67,101,1.82,92.7,69.8,19.3,373,561,575,46.2,323,5.92,29.7,9.48,4.73,78.9,1.51,13.2,31.9,80.8,22.9,146,41.9,16.2,2.58,67.9,3.31,3.31,14.3,99.8,22.8,143,10.4,4.8,42.1,21.8,80.7,89.7,71.2,131,120,10.7,96.9,109,28.9,40.3,205,8.99,21.1,33.8,33.1,32.2,15.6,97.3,2.58,53,70.5,226,44.1,70.8,269,61.6,17.8,27.9,3.83,190,1680,29.1,117,2.2,214,74,20.7,27.8,47,158,189,190,312,23.9,5.3,24.6,69.1,61.1,17.5,13.4,39.9,254,38.9,17.4,1.57,150,53.1,138,72.4,13.4,57.9,38,469,5.41,1010,148,1.33,447,32.2,92,118,17100,0.979,41.7,40.8,13.5,46.6,1.13,358,95,409,11.8,24,4.21,71.6,137,11,3,89.3,26.7,226,24.1,6.53,7.2,12.2,142,112,102,15,95,8.22,182,53.8,333,88.4,3.64,26.3,98.1,133,42.4,3270,99.9,87.4,7.17,6.84,22.2,370,6.91,72.9,223,170,182,248,7.13,2.32,31,20,161,42.4,24.9,18.6,84.9,44,45.3,124,200,37.2,52.2,5.52,258,55.8,84.6,7.74,232,24.2,16.2,33.6,8.45,15.6,161,13.3,6.91,16.3
1977,20,91.9,7.43,69.7,6.52,166,9.82,103,1.84,92.7,70.9,19.7,399,576,579,46.5,324,6.01,30.4,9.79,4.83,79.7,1.57,13.5,33.2,81.1,23.4,149,40.8,16.7,2.61,68.4,3.39,3.38,14.5,101,23.3,148,10.7,4.94,43.2,22.8,81.1,90.5,72,132,120,12,97.9,112,29.7,41.2,209,8.79,21.7,34.1,33.6,32.7,15.6,97.7,2.63,54.5,70.9,226,44.8,71.8,265,63.1,17.9,28,3.87,194,1680,30,117,2.22,219,75.8,21.4,28.7,47.8,162,190,192,315,24.5,5.35,25.5,70.1,64.9,17.8,13.6,40.1,255,39.9,17.9,1.63,153,53.5,139,73.4,13.7,59.7,38.9,482,5.5,1020,153,1.37,454,33.1,94.4,119,17300,1.01,42,41.8,13.9,47.7,1.15,362,97.1,412,11.9,24.7,4.33,73.8,139,11.1,3.16,92,26.6,232,24.7,6.71,7.39,12.5,146,113,104,15.7,95.9,8.27,188,54.2,338,91.1,3.83,27,99.1,136,43.4,3310,101,88.2,7.43,7.69,22.7,375,7.09,73.7,228,169,185,250,7.38,2.31,32,20.1,160,43.9,25.6,19.2,86.9,42.8,46.3,125,203,38.1,53.4,5.67,261,57.4,85.1,8.95,233,24.4,16.3,34.5,8.71,16,164,13.8,7.15,16.8
1978,20.3,93.9,7.65,71.8,6.72,167,9.97,105,1.86,92.6,72.1,20.1,426,592,581,46.8,325,6.09,31.3,10.1,4.94,80.4,1.64,13.8,34.4,81.3,23.9,152,39.4,17.2,2.64,69.2,3.47,3.44,14.7,103,23.9,154,11,5.08,44.4,23.9,81.4,91.2,72.9,133,120,13.3,99,115,30.5,42.2,213,8.72,22.3,34.3,34.1,33.4,15.7,98.1,2.7,56.1,71.3,225,45.5,72.9,262,64.7,18,28,3.91,198,1660,30.9,118,2.24,224,77.6,22.1,29.6,48.5,166,191,194,318,25.2,5.41,26.5,71.2,68.9,18.1,13.7,40.2,255,41,18.4,1.69,156,53.9,139,74.5,14.1,61.6,39.9,496,5.6,1030,158,1.41,462,34,97.5,120,17500,1.03,42.4,42.8,14.3,48.8,1.18,365,99.3,415,11.9,25.5,4.46,76.1,141,11.1,3.34,94.9,26.4,238,25.3,6.9,7.58,12.9,150,114,105,16.5,96.8,8.32,195,54.4,344,93.8,4.04,27.6,100,139,44.5,3340,102,89.2,7.69,8.64,23.3,381,7.28,74.5,232,168,188,253,7.65,2.32,33,20.2,160,45.4,26.4,19.8,88.9,41.3,47.4,127,205,39,54.6,5.82,263,59.1,85.5,10.2,233,24.6,16.4,35.5,8.98,16.5,168,14.3,7.4,17.3
1979,20.4,95.8,7.88,74.1,6.93,167,10.1,107,1.88,92.4,73.2,20.6,451,609,584,47.2,325,6.19,32.1,10.4,5.05,81.2,1.7,14.2,35.6,81.6,24.4,156,38.3,17.7,2.67,70.1,3.56,3.51,14.9,104,24.4,160,11.3,5.23,45.6,25,81.8,91.9,73.6,134,121,14.5,99.9,117,31.3,43.2,217,8.81,23,34.5,34.6,34,15.7,98.4,2.76,57.8,71.7,225,46.4,73.9,260,66.3,18.1,28.2,3.94,202,1660,31.9,119,2.26,229,79.5,22.9,30.5,49.2,170,191,197,321,25.9,5.46,27.5,72.2,72.9,18.5,13.9,40.4,254,42.1,19,1.76,159,54.3,140,75.4,14.6,63.5,41,511,5.7,1030,163,1.45,469,34.8,101,121,17700,1.06,42.7,43.8,14.7,49.9,1.2,370,102,417,11.9,26.2,4.59,78.4,143,11.2,3.53,98,26.4,244,26,7.1,7.79,13.2,155,115,106,17.7,97.6,8.37,201,54.7,351,96.5,4.27,28.3,101,142,45.5,3390,103,90.1,7.96,9.49,23.9,386,7.48,75.1,236,167,191,255,7.93,2.32,34,20.2,160,47,27.1,20.4,90.8,40.1,48.6,128,208,39.9,55.9,5.97,265,61,85.9,11.4,233,24.9,16.5,36.5,9.24,16.9,171,14.8,7.66,17.9
1980,20.3,97.9,8.12,76.7,7.16,167,10.3,109,1.91,92.3,74.4,21,474,626,586,47.5,326,6.32,33,10.7,5.16,82,1.77,14.5,36.8,81.8,24.9,160,37.9,18.2,2.7,71.1,3.66,3.58,15.2,106,25,165,11.6,5.39,46.8,26.1,82.2,92.4,74.2,134,121,15.5,100,120,32.1,44.3,221,9.1,23.6,34.8,35.3,34.8,15.8,98.7,2.83,59.7,72.2,225,47.5,74.7,262,68,18.4,28.5,3.96,206,1650,32.9,119,2.28,234,81.4,23.7,31.4,49.9,173,192,200,323,26.7,5.52,28.6,73.3,77,18.8,14.1,40.5,255,43.2,19.6,1.83,162,54.7,141,76.3,15,65.4,42,528,5.81,1040,170,1.49,476,35.7,104,122,17900,1.09,43.2,44.9,15.1,51.1,1.23,374,104,420,12,27,4.73,80.7,145,11.2,3.73,101,26.5,251,26.6,7.3,8.01,13.6,159,116,107,19.3,98.2,8.43,208,55,356,98.9,4.53,29,102,144,46.6,3450,104,91.2,8.24,10.1,24.5,391,7.7,75.8,240,166,193,258,8.22,2.33,35.1,20.3,160,48.6,27.9,21.1,92.8,39.5,50,129,212,41,57.1,6.12,268,62.8,86.3,12.5,233,25.1,16.7,37.5,9.49,17.4,175,15.4,7.92,18.5
1981,20,99.8,8.37,79.8,7.42,166,10.4,111,1.93,92.3,75.6,21.5,492,643,589,47.8,326,6.47,33.9,11,5.27,82.8,1.83,14.8,38,82,25.5,164,38.2,18.8,2.73,72.4,3.77,3.66,15.4,107,25.6,171,11.9,5.55,48.1,27.2,82.6,92.9,74.6,134,121,16.2,101,123,32.9,45.4,225,9.63,24.3,35,36.1,35.6,15.8,99.2,2.9,61.8,72.7,224,48.9,75.5,266,69.7,18.7,29,3.97,211,1650,33.9,119,2.3,240,83.3,24.7,32.3,50.4,176,192,203,326,27.7,5.58,29.7,74.2,81,19.2,14.4,40.7,256,44.3,20.3,1.9,164,55.1,141,77,15.4,67.1,43,546,5.93,1050,177,1.53,482,36.5,108,123,18200,1.12,43.7,46,15.4,52.3,1.26,380,106,422,12,27.8,4.87,82.9,147,11.2,3.94,105,26.9,258,27.3,7.5,8.23,13.9,163,117,108,21.4,98.8,8.49,215,55.3,361,101,4.82,29.9,103,146,47.7,3510,105,92.2,8.52,10.5,25.2,397,7.94,76.3,244,165,196,260,8.51,2.33,36.1,20.3,160,50.4,28.7,21.8,94.6,39.7,51.7,130,215,42.1,58.5,6.27,272,64.7,86.6,13.4,233,25.4,16.8,38.5,9.73,17.9,179,16,8.2,19.2
1982,19.5,102,8.64,83.2,7.69,165,10.6,112,1.96,92.2,76.8,22,508,661,590,48.1,327,6.64,34.8,11.3,5.39,83.6,1.9,15.2,39.1,82.3,26.2,169,39.2,19.4,2.75,73.8,3.88,3.74,15.6,109,26.2,176,12.2,5.71,49.4,28.4,83,93.3,74.9,134,121,16.6,100,126,33.8,46.6,228,10.4,25,35.2,37.1,36.6,15.9,99.6,2.98,64.1,73.2,224,50.5,76.1,274,71.4,19.1,29.6,3.97,216,1660,35,118,2.33,245,85.3,25.7,33.2,50.9,179,193,206,328,28.8,5.65,30.9,75.2,84.8,19.6,14.7,40.8,257,45.4,21.1,1.98,166,55.5,141,77.5,15.9,68.8,44,567,6.05,1060,185,1.58,487,37.3,112,125,18500,1.14,44.3,47.1,15.8,53.4,1.28,386,109,424,12.1,28.5,5.01,85.1,150,11.3,4.17,108,27.5,266,27.9,7.72,8.47,14.2,168,118,108,23.9,99.2,8.55,223,55.6,366,103,5.14,30.7,104,148,48.8,3600,106,93.4,8.81,10.7,25.8,403,8.2,76.8,247,164,199,262,8.82,2.33,37.2,20.3,160,52.2,29.6,22.5,96.4,40.6,53.6,130,218,43.3,59.8,6.42,276,66.7,87,14.2,233,25.6,16.9,39.5,9.96,18.4,184,16.6,8.48,20
1983,19,104,8.91,87,7.97,163,10.8,114,1.99,92.3,78.1,22.5,522,679,592,48.5,327,6.83,35.8,11.6,5.5,84.5,1.96,15.5,40.3,82.5,26.8,173,40.6,20,2.78,75.3,4,3.84,15.9,110,26.8,181,12.5,5.88,50.7,29.7,83.4,93.6,75.1,134,121,17,99.7,129,34.7,47.8,231,11.2,25.7,35.4,38.3,37.5,16,100,3.05,66.5,73.7,223,52.3,76.5,282,73.2,19.6,30.4,3.96,221,1660,36,118,2.35,251,87.2,26.8,34.1,51.3,183,193,210,330,30,5.71,32,76.3,88.7,20,15.1,41,259,46.5,21.8,2.05,167,55.9,141,77.9,16.3,70.7,45.1,588,6.18,1070,194,1.62,492,38.2,115,126,18900,1.17,44.8,48.2,16.1,54.6,1.31,393,111,426,12.2,29.3,5.16,87.2,152,11.3,4.4,112,28.3,274,28.5,7.94,8.72,14.6,173,119,109,26.7,99.6,8.61,230,56,370,104,5.47,31.7,104,150,50,3690,106,94.5,9.1,10.7,26.5,409,8.46,77.2,251,164,201,264,9.13,2.34,38.3,20.3,161,54.1,30.5,23.2,98.2,42,55.6,130,222,44.6,61.2,6.58,280,68.7,87.3,15,233,25.8,17,40.5,10.2,18.8,188,17.3,8.77,20.8
1984,18.5,106,9.19,90.9,8.24,161,10.9,115,2.02,92.3,79.3,23,536,697,593,48.8,327,7.03,36.9,11.9,5.62,85.3,2.03,15.9,41.4,82.6,27.5,178,42.2,20.6,2.81,76.8,4.12,3.93,16.1,112,27.4,186,12.8,6.06,52.1,30.9,83.9,94.1,75.5,134,121,17.5,99,131,35.5,49.1,234,12.1,26.5,35.6,39.5,38.3,16.1,101,3.14,69.3,74.3,223,54.1,77,290,75.1,20.1,31.2,3.94,226,1680,37.1,117,2.38,257,89.2,27.9,35,51.6,186,194,213,332,31.3,5.78,33.3,77.5,92.9,20.4,15.5,41.2,261,47.5,22.4,2.13,169,56.4,141,78.3,16.8,73.1,46.2,610,6.31,1080,203,1.67,496,39,119,127,19100,1.2,45.3,49.4,16.3,55.8,1.35,400,114,428,12.3,30.1,5.31,89.5,154,11.3,4.62,116,29.1,283,29.2,8.16,8.98,14.9,177,120,109,29.4,100,8.67,238,56.3,374,106,5.81,32.7,105,151,51.3,3780,107,95.6,9.39,10.8,27.2,414,8.71,77.6,254,163,204,266,9.44,2.36,39.5,20.3,162,56.1,31.4,23.9,100,43.5,57.7,130,225,45.9,62.5,6.74,284,70.9,87.6,15.8,233,26.1,17.1,41.5,10.4,19.3,192,17.9,9.06,21.6
1985,18,108,9.47,94.9,8.51,159,11.1,117,2.05,92.4,80.7,23.4,552,716,595,49.1,327,7.23,37.9,12.3,5.73,86.1,2.1,16.2,42.6,82.7,28.2,183,43.7,21.3,2.85,78.2,4.23,4.04,16.4,114,28,191,13.2,6.23,53.5,32.1,84.3,94.7,76.2,134,121,18.4,98.2,134,36.4,50.4,238,12.8,27.3,35.9,40.8,39,16.2,101,3.22,72.3,75,223,55.9,77.4,294,76.9,20.7,32,3.91,232,1700,38.3,117,2.41,263,91.1,29.1,35.9,51.7,189,194,216,334,32.6,5.85,34.5,79,97.6,20.8,16,41.5,262,48.5,22.8,2.2,170,56.8,142,78.6,17.3,76.5,47.5,632,6.42,1090,213,1.72,500,39.8,122,128,19400,1.24,45.7,50.5,16.5,57,1.39,409,117,430,12.4,30.8,5.46,91.8,157,11.4,4.84,120,29.8,292,29.9,8.38,9.24,15.3,182,121,109,32,100,8.73,248,56.5,378,108,6.14,33.7,106,152,52.6,3870,107,96.6,9.67,10.8,27.8,420,8.92,77.9,258,162,207,268,9.75,2.38,41,20.4,163,58,32.4,24.7,102,44.9,59.8,130,228,47.1,63.8,6.9,288,73.3,87.9,16.6,233,26.3,17.2,42.6,10.7,19.8,197,18.7,9.36,22.4
1986,17.8,111,9.76,99,8.76,156,11.3,119,2.08,92.5,82,23.9,570,736,597,49.4,328,7.43,39.1,12.7,5.85,87,2.16,16.6,43.8,82.6,29,189,45.1,21.9,2.88,79.4,4.33,4.16,16.7,116,28.5,197,13.5,6.41,54.9,33.4,84.7,95.5,77.1,134,121,19.6,97.4,137,37.3,51.8,241,13.4,28.1,36.2,42.1,39.3,16.2,102,3.31,75.7,75.8,223,57.6,77.8,295,78.7,21.3,32.8,3.88,237,1700,39.4,116,2.44,269,93,30.2,36.7,51.8,192,194,218,336,33.9,5.92,35.8,80.9,103,21.2,16.4,41.8,262,49.4,22.9,2.27,172,57.3,142,78.8,17.8,80.9,48.8,655,6.52,1100,223,1.77,504,40.6,126,129,19500,1.27,45.8,51.6,16.6,58.1,1.45,418,119,433,12.5,31.6,5.62,94.2,159,11.4,5.04,124,30.4,302,30.5,8.6,9.51,15.6,187,122,109,34.3,101,8.79,260,56.7,383,110,6.45,34.7,106,152,54.2,3950,108,97.5,9.96,11,28.4,424,9.11,78.1,262,160,211,270,10.1,2.42,42.7,20.4,164,59.9,33.5,25.4,104,46,61.8,131,231,48.3,65.1,7.07,292,75.8,88.2,17.6,234,26.6,17.3,43.6,10.9,20.4,201,19.4,9.65,23.2
1987,17.6,114,10,103,9,154,11.4,121,2.12,92.7,83.4,24.3,591,756,599,49.7,328,7.64,40.2,13.1,5.97,87.8,2.23,16.9,45.1,82.5,29.8,194,46.4,22.6,2.92,80.6,4.42,4.29,16.9,118,29.1,202,13.9,6.59,56.3,34.7,85,96.5,78.3,134,121,21.2,96.5,140,38.3,53.3,244,13.9,29,36.6,43.5,39.5,16.3,102,3.4,79.5,76.7,224,59.2,78.1,292,80.6,21.9,33.6,3.85,242,1730,40.6,116,2.46,275,94.8,31.4,37.5,51.8,195,194,220,338,35.2,5.99,37.1,83,109,21.7,16.9,42.2,261,50.2,22.7,2.34,174,57.9,143,79,18.3,86.1,50.3,677,6.61,1110,234,1.82,507,41.4,129,131,19600,1.31,45.9,52.7,16.6,59.2,1.51,428,122,435,12.6,32.3,5.78,96.7,161,11.5,5.23,128,31,312,31.2,8.83,9.78,16,192,123,109,36.4,101,8.86,273,56.9,387,112,6.76,35.8,107,152,55.9,4030,109,98.2,10.2,11.2,29,429,9.27,78.3,265,159,215,272,10.4,2.46,44.6,20.5,165,61.9,34.6,26.2,106,47,63.9,131,233,49.5,66.4,7.25,294,78.6,88.4,18.7,234,26.8,17.4,44.7,11.2,20.9,206,20.1,9.94,24
1988,17.7,117,10.3,107,9.24,152,11.6,123,2.15,92.9,84.8,24.7,612,776,601,50,329,7.85,41.4,13.6,6.09,88.4,2.3,17.2,46.4,82.3,30.5,200,47.8,23.3,2.96,81.8,4.51,4.43,17.2,121,29.7,208,14.3,6.77,57.7,35.9,85.3,97.5,79.7,134,121,22.8,95.7,143,39.2,54.8,247,14.3,29.8,36.9,44.9,39.6,16.3,103,3.5,83.3,77.4,225,60.9,78.5,288,82.5,22.6,34.3,3.81,247,1740,41.8,115,2.49,281,96.6,32.6,38.3,51.8,198,194,221,339,36.6,6.05,38.4,85.3,114,22.1,17.4,42.6,261,51.1,22.5,2.4,176,58.4,144,79.1,18.8,91.6,51.8,700,6.7,1120,245,1.87,511,42.2,131,132,19600,1.35,45.8,53.7,16.5,60.3,1.58,438,125,438,12.7,33,5.95,99.3,164,11.5,5.42,132,31.5,323,31.9,9.06,10.1,16.3,197,123,109,38.2,102,8.92,285,57,391,114,7.05,36.9,107,152,57.5,4110,109,98.9,10.5,11.4,29.7,433,9.4,78.5,269,158,219,273,10.7,2.51,46.5,20.6,166,63.8,35.7,27,107,48,65.9,131,235,50.7,67.6,7.43,296,81.4,88.6,19.8,235,27.1,17.5,45.8,11.4,21.4,211,20.9,10.2,24.8
1989,18,119,10.6,112,9.49,151,11.8,124,2.19,93.3,86.2,25.2,633,796,603,50.2,330,8.04,42.7,13.9,6.21,88.4,2.36,17.6,47.7,82,31.4,206,49.2,24.1,3.01,83.2,4.61,4.58,17.5,123,30.3,215,14.8,6.95,59.1,37.2,85.4,98.5,81.3,134,121,24.3,95,146,40.2,56.3,250,14.8,30.4,37,46.5,39.7,16.4,103,3.6,87.1,77.9,226,62.6,78.9,285,84.5,23.5,35.2,3.79,252,1740,43,115,2.52,287,98.4,33.6,39.2,51.8,203,194,222,340,38.2,6.1,39.8,87.5,118,22.5,17.9,42.8,262,51.9,22.1,2.46,178,58.8,146,79.2,19.4,96.5,53.4,722,6.81,1130,255,1.92,515,43.1,134,132,19700,1.38,45.7,54.7,16.6,61.3,1.65,448,128,441,12.8,33.7,6.13,102,166,11.6,5.63,136,32.1,335,32.5,9.29,10.3,16.7,203,124,109,39.8,102,8.97,293,57.2,396,116,7.33,38.1,108,152,58.9,4200,110,99.3,10.8,11.6,30.3,437,9.46,78.6,273,157,223,275,11,2.56,48.4,20.7,168,65.8,36.8,27.8,109,49.2,67.8,132,237,51.8,68.9,7.63,298,84.3,88.8,21,236,27.3,17.6,47,11.7,22,215,21.8,10.5,25.6
1990,18.8,120,10.9,116,9.76,152,12,124,2.22,93.7,87.6,25.6,653,816,606,50.4,330,8.22,44.2,14.1,6.33,87.5,2.43,17.9,49.1,81.4,32.2,211,50.8,24.8,3.05,84.8,4.72,4.73,17.8,125,30.9,221,15.3,7.15,60.6,38.6,85.4,99.4,83,134,121,25.5,94.6,149,41.1,57.7,254,15.2,30.8,36.9,48.1,39.9,16.4,104,3.7,90.6,77.9,227,64.3,79.5,283,86.4,24.6,36,3.78,258,1750,44.3,115,2.54,293,100,34.5,40.2,51.8,208,194,224,342,40.1,6.13,41.1,89.4,118,22.8,18.5,42.8,264,52.8,21.8,2.52,180,59,147,79.2,19.9,100,54.9,744,6.94,1140,263,1.97,520,43.9,138,133,19800,1.41,45.7,55.7,16.8,62.2,1.72,458,131,444,12.9,34.4,6.33,105,169,11.6,5.86,140,32.8,349,33.2,9.52,10.6,17.1,208,124,109,41,102,9.01,293,57.5,401,119,7.59,39.2,109,154,59.7,4300,110,99.6,11.1,11.8,31,441,9.44,78.8,276,157,227,276,11.4,2.61,50.1,20.9,169,67.8,37.8,28.7,111,50.6,69.6,132,238,53,70.1,7.84,300,87.3,88.8,22.3,236,27.6,17.8,48.1,12,22.5,220,22.8,10.8,26.3
1991,19.9,120,11.1,121,10.1,153,12.1,123,2.25,94.3,89,26.1,671,835,608,50.4,332,8.38,45.7,14.1,6.45,85.7,2.5,18.2,50.5,80.8,33.1,216,52.6,25.5,3.08,86.8,4.84,4.88,18.1,127,31.5,228,15.8,7.34,62.2,40,85.1,100,84.8,134,121,26.2,94.5,152,42.1,59,257,15.7,31,36.5,49.8,40.3,16.5,105,3.8,93.8,77.3,228,66.1,80.2,284,88.5,25.9,36.9,3.78,263,1760,45.6,114,2.57,299,102,35.2,41.3,51.9,215,194,226,343,42.3,6.13,42.5,91,114,23,19,42.6,269,53.8,21.4,2.58,182,59,149,79,20.5,102,56.4,766,7.09,1150,269,2.02,526,44.8,141,133,19900,1.43,45.8,56.8,17.3,63.1,1.78,467,134,447,13.1,35.2,6.53,107,171,11.7,6.12,144,33.6,364,33.9,9.77,10.9,17.4,213,124,109,42,102,9.04,286,58,406,121,7.85,40.5,110,155,60.1,4420,110,99.7,11.5,11.9,31.7,446,9.34,79,280,158,230,276,11.8,2.66,51.5,21,171,69.8,38.6,29.7,112,52.3,71.4,132,240,54.2,71.3,8.06,302,90.3,88.8,23.6,237,27.9,17.9,49.3,12.4,23.1,225,24,11.1,27
1992,21.4,118,11.4,125,10.4,156,12.3,121,2.28,95,90.4,26.6,688,854,610,50.4,333,8.52,47.3,13.9,6.58,83.1,2.57,18.5,52,79.9,34,220,54.5,26.3,3.12,89.1,4.97,5.04,18.4,128,32,235,16.5,7.55,63.8,41.4,84.6,101,86.6,134,122,26.5,94.6,155,43.1,60.3,261,16.2,30.9,35.9,51.6,40.8,16.6,105,3.9,96.8,76.2,230,68,81.1,286,90.6,27.5,37.8,3.8,268,1770,46.9,114,2.6,305,104,35.8,42.5,52.1,222,194,228,344,44.7,6.1,43.9,92.3,108,23.2,19.5,42.1,276,54.9,21,2.64,184,58.8,151,78.9,21.1,103,57.9,787,7.27,1160,274,2.08,533,45.7,145,133,20000,1.44,45.9,57.8,17.9,63.8,1.84,477,138,450,13.3,36,6.75,110,174,11.8,6.41,148,34.6,380,34.7,10,11.2,17.8,218,125,109,42.7,102,9.06,272,58.5,412,124,8.08,41.7,111,158,60,4560,111,99.6,11.8,11.9,32.4,451,9.17,79.2,283,159,233,277,12.3,2.71,52.7,21.2,172,71.8,39.3,30.7,113,54.2,73.1,133,241,55.4,72.4,8.3,304,93.4,88.8,25,238,28.1,18,50.4,12.7,23.6,229,25.2,11.4,27.6
1993,23.1,116,11.7,130,10.8,159,12.5,118,2.3,95.8,91.7,27.1,706,873,612,50.3,334,8.66,49,13.7,6.71,80.2,2.64,18.8,53.5,79,34.9,225,56.5,27,3.16,91.6,5.11,5.21,18.7,130,32.6,241,17.1,7.76,65.4,42.8,83.9,101,88.6,134,122,26.7,94.9,158,44.1,61.6,264,16.8,30.7,35.1,53.5,41.3,16.7,105,4,99.6,74.9,231,69.9,82,289,92.7,29.2,38.7,3.83,273,1770,48.3,114,2.62,311,105,36.2,43.8,52.3,230,195,230,345,47.2,6.06,45.3,93.5,99.7,23.4,20,41.5,284,56,20.8,2.7,187,58.6,153,78.7,21.8,103,59.3,808,7.46,1170,278,2.13,541,46.6,148,133,20200,1.46,46,58.8,18.6,64.6,1.89,486,142,453,13.5,36.8,6.98,113,177,11.8,6.7,151,35.5,397,35.4,10.3,11.4,18.1,224,125,110,43.2,101,9.06,255,59.1,419,126,8.31,43,112,161,59.7,4700,111,99.3,12.1,12,33.2,456,8.99,79.5,286,161,235,277,12.8,2.76,53.7,21.3,174,73.9,40,31.8,114,56.1,74.7,133,243,56.5,73.6,8.53,305,96.5,88.6,26.4,238,28.4,18.2,51.6,13.1,24.1,234,26.5,11.7,28.2
1994,24.8,115,11.9,133,11.1,163,12.6,115,2.33,96.4,93,27.6,723,893,614,50.1,335,8.84,50.7,13.6,6.85,77.4,2.7,19.1,54.9,78.1,35.9,229,58.4,27.7,3.19,94.1,5.25,5.38,19,131,33.2,248,17.8,7.97,67.1,44.3,83.2,102,90.6,134,123,26.8,95.2,160,45.1,62.8,268,17.4,30.5,34.4,55.4,41.9,16.8,106,4.11,102,73.5,232,71.8,82.9,292,94.9,30.7,39.6,3.85,278,1770,49.6,114,2.64,317,107,36.7,45.1,52.6,239,195,232,346,49.5,6.01,46.6,94.7,93.4,23.6,20.5,40.9,291,57.1,20.9,2.76,190,58.2,155,78.6,22.5,104,60.8,828,7.67,1180,281,2.19,549,47.5,152,133,20400,1.47,46.1,59.8,19.4,65.4,1.95,493,146,456,13.8,37.6,7.22,116,179,11.9,6.94,155,36.5,415,36.1,10.5,11.7,18.5,229,125,110,43.7,100,9.06,243,59.6,425,129,8.52,44.2,113,164,59.3,4840,112,99.1,12.5,12.1,34,461,8.89,79.7,289,163,238,277,13.2,2.8,54.8,21.4,176,76,40.6,32.8,115,57.6,76.6,133,244,57.7,74.8,8.76,306,99.6,88.3,27.9,239,28.7,18.3,52.7,13.5,24.6,238,27.8,12,28.7
1995,26.2,113,12.1,136,11.4,167,12.8,113,2.35,97,94.1,28,742,912,616,50,336,9.07,52.4,13.5,6.98,75.4,2.77,19.4,56.4,77.2,36.9,232,60.4,28.5,3.23,96.6,5.38,5.56,19.2,132,33.7,255,18.3,8.2,68.8,45.7,82.5,102,92.6,134,123,27.2,95.2,163,46.1,64,271,18,30.6,33.8,57.3,42.4,16.8,106,4.22,105,72.2,233,73.7,83.7,295,97.1,32,40.4,3.87,284,1770,51,114,2.67,323,109,37.2,46.5,53,246,195,234,347,51.5,5.94,48,96,90.4,23.8,21,40.3,297,58,21.5,2.81,193,57.9,158,78.6,23.2,105,62.4,847,7.87,1190,283,2.26,556,48.4,154,132,20600,1.48,46.1,60.7,20,66.2,2.01,498,149,459,14,38.3,7.48,119,182,12,7.12,159,37.5,435,36.9,10.8,12,18.8,234,126,111,44.2,99.8,9.05,240,60.1,431,132,8.72,45.4,113,167,59.2,4970,112,98.9,12.8,12.3,34.7,466,8.94,80,291,165,241,277,13.7,2.84,55.9,21.5,178,78.1,41.2,33.8,116,58.6,78.6,133,245,58.7,76,8.95,308,103,87.9,29.3,240,29,18.4,53.7,13.8,25.2,243,29,12.3,29.3
1996,27.3,113,12.3,137,11.8,172,12.9,111,2.38,97.3,95,28.4,761,932,618,49.8,337,9.37,54,13.6,7.12,74.1,2.83,19.7,57.8,76.4,37.9,235,62.2,29.2,3.26,99,5.52,5.75,19.5,133,34.3,263,18.9,8.43,70.4,47.2,81.8,103,94.5,134,124,27.8,94.9,166,47,65.2,274,18.7,30.9,33.4,59.2,42.9,16.9,107,4.32,108,71.2,234,75.5,84.4,296,99.4,33.1,41.2,3.87,289,1770,52.4,114,2.69,329,110,37.8,48,53.4,254,195,237,347,53.1,5.86,49.5,97.4,91.6,24.1,21.5,39.9,300,58.9,22.7,2.86,196,57.5,160,78.9,23.9,107,64,864,8.08,1200,286,2.33,563,49.2,155,131,20800,1.49,46.1,61.5,20.7,67,2.07,501,153,462,14.1,39.1,7.75,122,184,12,7.23,163,38.5,455,37.6,11.1,12.3,19.1,240,126,111,45,99.1,9.04,248,60.5,437,134,8.9,46.6,113,169,59.3,5090,112,98.8,13.2,12.6,35.4,471,9.15,80.2,293,167,244,277,14,2.88,57.1,21.6,179,80.4,41.8,34.8,118,58.9,80.9,134,245,59.6,77.2,9.12,309,106,87.3,30.8,240,29.4,18.6,54.8,14.1,25.7,246,30.1,12.6,29.8
1997,28.2,113,12.5,137,12.1,177,13.1,110,2.4,97.5,95.9,28.7,783,951,621,49.6,338,9.72,55.7,13.9,7.27,73.6,2.89,20,59.2,75.6,39,238,64,30,3.29,101,5.65,5.95,19.8,134,34.8,270,19.3,8.67,72.1,48.6,81,103,96.4,134,124,28.5,94.3,169,48,66.5,276,19.4,31.3,33.3,61,43.4,17,107,4.43,111,70.2,234,77.4,85,297,102,33.9,42,3.86,294,1780,53.9,114,2.72,335,112,38.5,49.5,53.9,260,194,239,348,54.4,5.77,50.9,99,96.3,24.5,21.9,39.4,302,59.6,24.5,2.91,199,57.1,162,79.3,24.7,110,65.6,881,8.29,1210,287,2.4,569,50,155,130,21000,1.5,46,62.3,21.2,67.9,2.14,503,156,464,14.3,39.8,8.04,125,185,12.1,7.27,167,39.4,477,38.4,11.4,12.5,19.4,245,126,112,46,98.3,9.02,264,60.8,442,137,9.07,47.8,112,171,59.6,5210,112,98.7,13.6,13,36,475,9.52,80.5,295,169,248,277,14.4,2.92,58.4,21.6,179,82.7,42.4,35.7,119,58.6,83.4,134,246,60.4,78.4,9.27,309,109,86.6,32.3,241,29.8,18.7,55.7,14.4,26.2,250,31.1,13,30.3
1998,28.9,113,12.7,136,12.4,181,13.2,109,2.43,97.6,96.7,29,808,971,623,49.4,338,10.1,57.4,14.2,7.41,73.5,2.95,20.4,60.6,75,40.1,241,65.7,30.7,3.32,104,5.77,6.16,20,135,35.4,277,19.8,8.93,73.8,50,80.3,104,98.3,134,125,29.4,93.7,172,49,67.7,279,20.2,31.9,33.2,62.8,43.8,17,108,4.55,115,69.4,234,79.3,85.6,298,104,34.6,42.7,3.85,300,1780,55.3,114,2.75,342,114,39.2,51.1,54.4,266,194,241,349,55.5,5.69,52.3,101,103,25,22.3,39.1,304,60.3,26.5,2.95,202,56.7,164,79.8,25.5,114,67.3,897,8.51,1220,288,2.47,574,50.8,155,129,21200,1.52,45.8,63.1,21.8,68.8,2.2,502,159,467,14.4,40.5,8.33,128,187,12.2,7.28,172,40.3,498,39.2,11.7,12.8,19.7,251,126,112,47.4,97.6,9,286,61.1,447,139,9.25,48.9,111,172,60.3,5330,112,98.7,14,13.4,36.6,480,9.98,80.8,296,170,251,277,14.7,2.96,59.7,21.6,180,85,43,36.6,121,58.2,86,135,246,61.1,79.7,9.39,310,113,85.9,33.9,242,30.1,18.8,56.7,14.6,26.7,253,32,13.4,30.7
1999,29.7,114,12.9,137,12.8,186,13.4,109,2.46,97.7,97.4,29.3,838,991,625,49.2,339,10.5,59.1,14.6,7.55,73.7,3,20.7,61.9,74.3,41.2,245,67.3,31.5,3.35,106,5.9,6.39,20.3,136,35.9,284,20.2,9.18,75.4,51.3,79.6,104,100,133,125,30.2,93.2,174,49.9,68.9,281,21,32.7,33.1,64.6,44.1,17,108,4.66,118,68.7,234,81.2,86,298,106,35.2,43.4,3.84,305,1780,56.8,113,2.77,348,115,40,52.7,55.1,272,194,243,349,56.5,5.62,53.8,102,110,25.3,22.7,38.7,309,61,28.4,3,205,56.3,167,80.3,26.3,117,69,915,8.74,1230,289,2.55,579,51.6,154,129,21300,1.53,45.7,63.9,22.4,69.7,2.26,502,163,470,14.5,41.1,8.64,131,189,12.2,7.29,176,41,518,40,12,13.1,20,256,126,113,49,96.8,8.97,308,61.4,452,142,9.44,50.1,110,174,61.5,5450,112,98.7,14.3,13.9,37.1,484,10.5,81.3,298,172,254,277,15.1,2.99,60.8,21.6,181,87.2,43.7,37.6,122,58.1,88.7,136,247,61.8,80.9,9.5,312,116,85.1,35.7,243,30.5,18.9,57.6,14.9,27.2,256,32.9,13.8,31.2
2000,30.8,114,13.1,139,13.2,190,13.5,108,2.48,97.9,98.3,29.8,874,1010,628,49,340,10.8,60.9,15,7.7,73.9,3.05,21,63.2,73.7,42.4,249,68.8,32.3,3.38,108,6.03,6.63,20.5,137,36.4,291,20.8,9.45,76.9,52.5,79.1,105,102,133,126,31,92.9,177,50.8,70.2,283,21.9,33.6,33,66.5,44.4,17.1,109,4.78,122,68,234,83.2,86.4,299,109,35.8,44.2,3.83,310,1780,58.3,113,2.8,354,117,40.6,54.3,55.9,278,195,245,350,57.5,5.58,55.3,104,115,25.7,23.1,38.3,316,61.6,29.9,3.04,208,55.9,168,80.7,27.1,121,70.6,935,8.99,1240,290,2.63,584,52.3,153,128,21500,1.54,45.6,64.6,23,70.6,2.31,502,166,472,14.7,41.8,8.96,134,190,12.3,7.33,180,41.7,535,40.8,12.3,13.3,20.2,262,126,113,51,96.1,8.94,325,61.7,457,144,9.66,51.3,108,176,63.2,5590,112,98.7,14.7,14.4,37.7,487,11,82,300,175,257,277,15.4,3.03,61.7,21.6,181,89.4,44.4,38.6,123,58.6,91.4,136,247,62.4,82.2,9.61,314,120,84.3,37.7,244,30.8,19,58.4,15.2,27.8,259,33.9,14.2,31.6
2001,32.1,114,13.3,143,13.6,193,13.7,107,2.51,98.3,99.2,30.3,918,1030,630,48.7,341,11.2,62.8,15.5,7.84,73.9,3.1,21.3,64.5,73.1,43.7,255,70.3,33.2,3.41,110,6.15,6.88,20.8,138,36.9,299,21.3,9.71,78.3,53.6,78.8,105,104,133,126,31.6,92.9,180,51.8,71.6,285,22.8,34.6,32.8,68.5,44.6,17.1,109,4.9,126,67.2,234,85.4,86.8,300,111,36.5,45.1,3.82,315,1790,59.8,113,2.82,360,118,41.2,55.8,56.7,283,196,247,350,58.5,5.57,56.8,106,118,25.9,23.5,37.9,328,62.1,31.1,3.09,210,55.4,170,81,27.9,124,72.1,957,9.26,1250,290,2.71,588,53,153,127,21700,1.56,45.6,65.4,23.6,71.4,2.35,503,169,475,14.8,42.4,9.29,138,192,12.4,7.41,184,42.2,550,41.6,12.6,13.6,20.5,267,126,114,53.1,95.5,8.9,338,62,463,148,9.91,52.6,108,179,65.7,5740,112,98.7,15.1,14.8,38.2,491,11.4,83,302,177,260,277,15.8,3.06,62.4,21.7,182,91.3,45.2,39.6,124,60,94,137,248,63,83.4,9.71,317,124,83.6,39.8,244,31.1,19,59.2,15.5,28.3,262,34.8,14.6,32
2002,33.7,114,13.4,149,14.1,196,13.8,107,2.54,98.7,100,30.9,967,1050,631,48.3,342,11.5,64.7,15.9,7.99,74,3.14,21.6,65.8,72.5,44.9,263,71.6,34,3.44,112,6.27,7.15,21,138,37.5,306,22,9.98,79.6,54.6,78.6,105,106,133,127,32.2,93.1,183,52.6,72.9,287,23.8,35.8,32.6,70.5,44.6,17.2,110,5.02,130,66.6,234,87.6,87,300,114,37.2,46,3.82,321,1800,61.3,112,2.85,367,120,41.7,57.4,57.7,288,197,249,351,59.6,5.6,58.4,108,120,26,23.8,37.5,344,62.7,31.8,3.14,213,55,171,81.2,28.8,127,73.7,981,9.54,1250,290,2.79,592,53.7,153,127,21900,1.57,45.6,66.1,24.3,72.2,2.38,504,171,478,15.1,43,9.64,141,194,12.4,7.54,188,42.6,561,42.4,12.9,13.9,20.8,273,126,114,55.6,95,8.87,346,62.4,469,151,10.2,54,107,183,68.7,5900,112,98.7,15.6,15.2,38.8,494,11.8,84.2,304,179,262,277,16.2,3.1,62.8,21.7,183,93.1,46.1,40.8,125,62.1,96.6,138,249,63.5,84.6,9.81,321,129,82.8,42,245,31.4,19,60,15.9,28.8,264,35.8,15,32.3
2003,35.3,114,13.6,156,14.6,198,14,106,2.56,99.2,101,31.5,1020,1070,633,48,344,11.8,66.7,16.4,8.13,74.1,3.18,21.8,67.1,71.9,46.3,271,72.8,34.9,3.48,114,6.39,7.43,21.2,139,38,313,22.7,10.3,80.8,55.6,78.4,106,108,133,127,32.7,93.5,186,53.5,74.3,288,24.8,37,32.4,72.5,44.7,17.2,111,5.15,134,65.9,234,89.9,87.2,301,117,37.9,47,3.82,326,1810,62.9,112,2.87,373,122,42.3,59,58.8,293,198,250,351,60.8,5.64,60,110,122,26.1,24.2,37.1,362,63.2,32.4,3.19,215,54.5,173,81.4,29.7,131,75.1,1010,9.84,1260,290,2.87,596,54.3,153,127,22100,1.59,45.7,66.9,25.1,72.9,2.41,505,174,480,15.3,43.6,9.99,145,195,12.5,7.71,192,42.8,572,43.2,13.3,14.1,21,278,126,115,59.3,94.4,8.83,352,62.8,475,155,10.5,55.4,106,187,72,6070,112,98.8,16,15.7,39.3,496,12.3,85.5,306,182,264,278,16.7,3.13,63.2,21.8,185,94.8,47,41.9,126,64.6,99.1,139,250,64,85.9,9.91,326,133,82.1,44.8,246,31.7,19,60.7,16.3,29.3,267,36.9,15.4,32.7
2004,36.9,113,13.8,162,15.1,201,14.2,105,2.6,99.7,102,32.2,1090,1090,635,47.7,346,12.1,68.7,16.8,8.28,74.1,3.23,22.1,68.2,71.3,47.6,280,74,35.9,3.51,116,6.51,7.71,21.5,140,38.5,321,23.4,10.6,82,56.6,78.3,106,109,133,127,33.3,93.8,188,54.4,75.7,290,25.8,38.2,32.2,74.6,44.8,17.3,111,5.29,138,65.2,234,92.2,87.4,302,119,38.6,48,3.82,331,1810,64.4,112,2.9,379,123,42.7,60.6,59.9,299,199,252,352,62.4,5.7,61.6,112,124,26.3,24.5,36.6,378,63.7,33,3.24,216,53.9,174,81.6,30.6,134,76.6,1030,10.2,1270,289,2.95,599,55,152,127,22400,1.61,45.7,67.6,25.8,73.6,2.44,506,177,483,15.5,44.1,10.4,149,197,12.6,7.9,196,43.1,582,44,13.6,14.4,21.3,284,125,115,65.4,93.8,8.8,357,63.2,481,158,10.8,56.9,106,190,75.4,6240,112,98.9,16.4,16.1,39.8,499,12.7,86.9,309,185,266,278,17.1,3.16,63.7,21.9,186,97,48,43.2,127,67,102,139,252,64.5,87.1,10,330,138,81.5,48.9,248,32,19,61.5,16.7,29.8,269,37.9,15.8,33
2005,38.4,112,14,168,15.7,203,14.3,105,2.63,100,103,32.9,1170,1100,637,47.4,348,12.4,70.8,17.2,8.42,74.1,3.27,22.4,69.3,70.8,49.1,289,75.2,36.9,3.55,118,6.63,7.99,21.7,141,39,329,24.2,10.9,83.2,57.7,78.2,106,111,133,128,33.8,94.2,191,55.3,77.1,291,27,39.3,32,76.7,45,17.3,112,5.45,143,64.6,234,94.7,87.7,303,122,39.4,49.1,3.81,336,1810,65.9,111,2.94,385,125,43.2,62.2,61.2,305,200,253,352,64.4,5.76,63.3,114,128,26.5,24.9,36.2,390,64.2,33.9,3.29,218,53.4,177,81.7,31.5,138,78.1,1060,10.5,1270,289,3.04,602,55.8,152,127,22700,1.63,45.8,68.4,26.6,74.2,2.47,506,179,485,15.7,44.7,10.8,153,199,12.7,8.11,200,43.3,594,44.8,13.9,14.6,21.6,289,125,115,74.5,93.1,8.77,364,63.6,487,162,11.1,58.4,105,193,78.4,6420,112,99.1,16.8,16.6,40.2,501,13.3,88.3,311,187,268,279,17.5,3.2,64.3,22,188,99.6,49,44.5,128,69,104,140,253,65,88.2,10.1,334,143,80.9,54.8,249,32.3,19,62.3,17.2,30.4,272,39,16.2,33.4
2006,39.7,111,14.2,172,16.3,205,14.5,104,2.68,101,104,33.5,1260,1120,640,47.2,351,12.7,72.9,17.6,8.57,74.1,3.32,22.6,70.3,70.2,50.5,299,76.3,37.9,3.59,119,6.74,8.28,21.9,142,39.5,337,24.9,11.3,84.4,58.8,78.1,106,113,133,128,34.3,94.4,194,56.2,78.5,292,28.2,40.3,31.8,78.9,45.3,17.4,112,5.61,147,63.9,234,97.2,88,304,125,40.2,50.2,3.81,341,1820,67.4,111,2.99,391,127,43.7,63.8,62.5,312,201,255,352,66.8,5.81,65.1,116,133,26.7,25.3,35.8,397,64.7,35,3.34,219,52.7,180,81.8,32.5,142,79.6,1090,10.8,1280,289,3.12,605,56.6,151,126,23100,1.65,45.9,69.2,27.4,74.8,2.5,504,181,488,15.9,45.3,11.2,157,200,12.8,8.35,204,43.5,608,45.6,14.3,14.8,21.8,294,125,116,87,92.3,8.75,373,64,494,166,11.4,60,105,195,81,6590,112,99.5,17.2,17.1,40.7,503,13.9,89.7,314,189,271,279,17.9,3.23,65.1,22.2,189,103,50,45.9,129,70.5,107,141,254,65.6,89.3,10.2,338,148,80.5,62.7,251,32.6,19,63.2,17.6,30.9,274,40.1,16.7,33.9
2007,40.8,110,14.4,176,16.8,208,14.6,103,2.73,101,106,34.2,1360,1130,642,47,353,13.1,75,18,8.72,74,3.38,22.9,71.1,69.7,52.1,309,77.5,38.9,3.63,121,6.86,8.56,22.2,142,40,345,25.8,11.6,85.6,60,78,106,115,134,129,34.9,94.6,197,57.2,79.9,294,29.6,41.1,31.7,81,45.7,17.4,113,5.78,152,63.2,233,99.8,88.3,305,128,41.1,51.4,3.8,347,1810,68.9,111,3.04,397,129,44.2,65.4,63.8,320,202,256,352,69.8,5.87,66.9,119,140,27.1,25.8,35.3,399,65.3,36.5,3.39,221,52,183,81.9,33.4,147,81,1120,11.2,1280,290,3.21,608,57.5,150,126,23600,1.67,46.1,70,28.2,75.3,2.53,500,183,490,16.1,45.9,11.6,161,201,12.9,8.6,208,43.7,623,46.5,14.6,15,22.1,299,125,116,102,91.4,8.74,383,64.4,500,170,11.7,61.7,104,196,83.3,6760,112,100,17.6,17.6,41.1,505,14.5,91,316,191,274,280,18.3,3.27,66.2,22.3,191,107,51.1,47.3,130,71.6,110,142,255,66.3,90.4,10.4,341,153,80.1,72.3,254,32.9,19.1,64.2,18,31.4,277,41.2,17.1,34.5
2008,41.8,109,14.6,178,17.5,210,14.8,102,2.78,101,107,34.8,1470,1140,645,46.9,356,13.4,77.1,18.4,8.86,73.8,3.43,23.1,72,69.2,53.7,320,78.6,40,3.67,122,6.98,8.84,22.4,143,40.5,353,26.6,12.1,86.8,61.3,77.8,106,117,135,130,35.5,94.8,199,58.2,81.3,295,31,41.9,31.6,83.2,46.2,17.5,114,5.96,157,62.5,233,102,88.6,306,131,42,52.7,3.79,352,1800,70.4,110,3.1,403,130,44.7,67,65.2,328,202,258,353,73.1,5.93,68.8,122,149,27.4,26.2,34.9,402,65.9,38,3.44,222,51.3,187,82,34.4,151,82.5,1150,11.6,1290,290,3.31,610,58.5,149,125,24100,1.69,46.2,70.8,29.1,75.7,2.56,497,185,491,16.2,46.5,12,165,202,13.1,8.91,212,44,640,47.3,15,15.2,22.4,304,125,116,120,90.5,8.74,394,64.9,506,174,12.1,63.4,104,197,85.4,6930,112,101,18,18.1,41.6,506,15.2,92.2,318,194,277,280,18.7,3.3,67.4,22.5,193,111,52.2,48.8,130,72.5,113,143,256,67,91.5,10.5,345,158,79.7,82.5,257,33.2,19.1,65.2,18.5,31.9,280,42.3,17.6,35
2009,42.9,108,14.9,180,18.1,213,14.9,101,2.83,102,108,35.5,1560,1160,648,46.8,359,13.8,79.3,18.7,9.01,73.5,3.49,23.3,72.8,68.7,55.3,331,79.8,41.1,3.72,123,7.07,9.13,22.6,144,40.9,362,27.5,12.5,87.9,62.7,77.6,106,119,136,130,36.1,95,202,59.2,82.8,296,32.4,42.7,31.5,85.4,46.6,17.6,114,6.16,162,61.7,232,105,88.8,307,134,43,54,3.79,358,1810,71.8,110,3.15,408,132,45.2,68.8,66.3,336,203,259,353,76.8,5.99,70.7,124,158,27.8,26.7,34.5,409,66.5,39.6,3.48,224,50.6,192,82,35.4,156,84,1180,12,1290,291,3.4,613,59.4,149,125,24500,1.72,46.3,71.7,29.9,76.2,2.6,497,187,493,16.4,47.1,12.5,170,203,13.2,9.31,217,44.2,657,48.1,15.3,15.4,22.7,309,125,116,137,89.6,8.74,404,65.3,512,178,12.4,65.2,104,198,87.4,7090,112,101,18.4,18.7,42,508,15.8,93.2,320,196,280,280,19.1,3.34,68.6,22.7,196,113,53.4,50.4,131,73.4,116,144,258,67.7,92.7,10.7,348,164,79.4,91.7,259,33.5,19.2,66.2,18.9,32.4,282,43.5,18.1,35.7
2010,44.1,107,15.2,180,18.7,215,15.1,101,2.88,102,109,36,1630,1170,650,46.7,361,14.1,81.6,19.1,9.16,73,3.56,23.5,73.7,68.2,57,341,81.1,42.2,3.76,125,7.14,9.44,22.9,145,41.4,371,28.5,12.8,89,64.2,77.3,106,120,136,131,36.7,95.3,205,60.1,84.5,298,33.9,43.5,31.4,87.7,47.1,17.7,115,6.37,167,60.9,232,108,88.8,308,137,43.9,55.3,3.79,363,1800,73.2,110,3.2,414,134,45.8,70.8,67.2,343,203,260,353,80.9,6.07,72.7,127,168,28.3,27.1,34.1,424,67.2,41,3.51,225,49.8,196,82.1,36.4,161,85.6,1220,12.4,1300,291,3.5,615,60.4,148,124,24900,1.75,46.4,72.6,30.8,76.8,2.64,501,189,495,16.6,47.7,13,174,204,13.4,9.83,221,44.5,676,49,15.7,15.6,22.9,314,125,116,153,88.8,8.74,415,65.8,519,182,12.8,67.1,103,199,89.5,7250,112,102,18.9,19.2,42.5,510,16.5,93.8,322,198,283,280,19.5,3.37,69.9,22.9,198,114,54.6,52,132,74.6,120,145,259,68.5,94,10.8,351,170,79,98.9,262,33.7,19.3,67.2,19.4,32.9,285,44.7,18.6,36.4
2011,45.5,107,15.5,178,19.4,218,15.2,101,2.93,103,111,36.6,1680,1180,653,46.7,364,14.4,83.9,19.4,9.3,72.3,3.62,23.8,74.8,67.8,58.8,352,82.4,43.4,3.8,126,7.19,9.76,23.1,146,41.8,380,29.4,13.2,90.1,65.7,77.1,107,122,137,132,37.4,95.6,208,61.1,86.3,299,35.4,44.3,31.3,90,47.5,17.7,116,6.59,173,60,232,110,88.6,309,140,44.9,56.8,3.81,368,1810,74.6,109,3.23,419,136,46.4,73,67.7,350,203,261,352,85.3,6.17,74.7,129,179,28.7,27.4,33.6,449,68,42.3,3.52,227,49.1,201,82.2,37.4,166,87.2,1250,12.7,1310,292,3.61,616,61.3,148,124,25200,1.78,46.5,73.6,31.7,77.4,2.69,510,191,496,16.8,48.3,13.5,179,205,13.5,10.5,226,44.8,694,49.9,16.1,15.8,23.2,320,125,116,168,88.2,8.75,426,66.3,525,186,13.1,69.1,103,200,91.6,7390,112,102,19.3,19.8,43.1,512,17.1,94,324,200,285,280,19.9,3.41,71.2,23.1,201,114,55.8,53.7,132,76.1,123,145,260,69.3,95.4,11,354,176,78.7,104,264,34,19.3,68.3,19.8,33.4,288,45.9,19.2,37.2
2012,47,107,15.8,175,20.1,220,15.4,101,2.97,103,112,37.2,1710,1200,655,46.7,366,14.8,86.3,19.8,9.45,71.5,3.69,24,75.9,67.3,60.6,363,83.7,44.6,3.84,128,7.21,10.1,23.3,146,42.3,389,30.4,13.6,91.2,67.4,76.8,107,123,137,132,38,96.1,210,62.1,88.2,300,37,45.2,31.3,92.4,47.8,17.8,116,6.82,178,59.1,233,113,88.3,310,143,45.9,58.3,3.83,373,1830,76,109,3.25,425,137,46.9,75.5,67.9,356,203,262,352,90,6.27,76.7,132,191,29.2,27.8,33.2,481,68.8,43.4,3.52,228,48.5,206,82.2,38.4,171,88.8,1290,13.1,1310,293,3.72,617,62.2,148,124,25400,1.81,46.6,74.7,32.7,78,2.75,524,193,498,17,48.8,14,184,206,13.7,11.2,231,45.1,713,50.8,16.4,16.1,23.6,325,125,116,182,87.6,8.76,437,66.9,532,191,13.5,71.2,102,201,93.7,7530,113,102,19.7,20.3,43.7,514,17.7,93.9,326,202,287,280,20.4,3.44,72.6,23.3,203,111,57.1,55.4,133,77.8,126,146,262,70.1,96.9,11.2,358,182,78.3,106,266,34.3,19.4,69.4,20.3,33.9,292,47.2,19.8,38
2013,48.6,107,16.1,172,20.9,222,15.5,102,3.01,104,114,37.7,1730,1210,657,46.7,368,15.1,88.7,20.1,9.6,70.7,3.76,24.2,77,66.9,62.4,374,85.1,45.8,3.88,129,7.22,10.4,23.5,147,42.7,398,31.5,13.9,92.2,69.1,76.4,107,124,137,133,38.7,96.5,213,63.1,90.2,302,38.6,46,31.2,94.9,48.2,17.9,117,7.05,184,58.2,233,116,87.8,311,146,47,59.8,3.85,379,1820,77.4,109,3.26,430,139,47.5,78,68,361,203,263,352,94.8,6.37,78.8,134,202,29.6,28.1,32.8,516,69.7,44.5,3.52,230,47.8,210,82.3,39.5,176,90.4,1320,13.5,1320,293,3.83,618,63,148,124,25500,1.85,46.6,75.8,33.6,78.8,2.81,540,195,499,17.2,49.4,14.5,189,208,13.9,12,236,45.5,733,51.6,16.8,16.3,23.9,330,125,115,194,87.2,8.77,449,67.4,538,195,13.9,73.3,102,202,95.9,7660,113,103,20.1,20.9,44.3,516,18.3,93.6,327,204,288,280,20.9,3.48,73.9,23.4,206,108,58.4,57.2,133,79.6,129,146,263,70.9,98.5,11.4,361,188,77.9,108,267,34.5,19.5,70.6,20.8,34.4,295,48.4,20.4,38.9
2014,50.2,107,16.4,169,21.6,225,15.7,102,3.06,105,115,38.2,1760,1220,659,46.7,371,15.4,91.2,20.4,9.75,69.9,3.83,24.4,78.1,66.5,64.3,385,86.5,47,3.92,131,7.25,10.8,23.7,148,43.1,408,32.5,14.3,93.2,70.9,76.1,107,125,137,133,39.4,97,215,64,92.2,303,40.3,47,31.1,97.4,48.5,18,117,7.28,190,57.5,234,118,87.4,313,149,48,61.4,3.88,384,1820,78.7,108,3.28,435,141,48.1,80.6,68,367,203,264,352,99.2,6.48,80.9,136,212,30.1,28.5,32.4,548,70.7,45.6,3.53,232,47.3,215,82.4,40.5,181,92,1360,13.9,1330,294,3.94,619,63.9,149,124,25600,1.88,46.7,76.9,34.6,79.5,2.88,554,198,501,17.3,50,15.1,194,209,14.1,12.8,241,45.9,754,52.5,17.1,16.5,24.2,336,125,114,205,86.8,8.78,460,67.9,544,199,14.3,75.6,102,203,98.1,7780,113,103,20.6,21.5,45,518,18.9,93.3,329,207,289,280,21.4,3.51,75.3,23.6,208,105,59.8,59,134,81.6,133,147,264,71.7,100,11.6,364,194,77.5,109,269,34.7,19.5,71.7,21.2,34.8,298,49.7,21,39.8
2015,51.7,107,16.7,166,22.3,227,15.9,102,3.1,105,116,38.6,1810,1240,661,46.7,373,15.8,93.8,20.7,9.9,69.3,3.9,24.6,79.2,66.1,66.2,397,87.9,48.3,3.95,132,7.3,11.1,23.9,149,43.5,418,33.6,14.6,94.2,72.7,75.7,108,126,137,134,40,97.5,218,65,94.2,305,41.9,48,31,99.9,48.8,18,118,7.49,195,56.9,234,121,87,314,152,49.2,63,3.9,389,1830,80.1,108,3.29,440,143,48.7,83.2,68.2,373,202,265,351,103,6.57,83,139,221,30.6,28.9,32,572,71.6,46.7,3.54,234,46.8,219,82.4,41.7,186,93.5,1390,14.3,1340,294,4.06,620,64.8,149,124,25700,1.92,46.7,78,35.6,80.2,2.95,563,200,502,17.5,50.5,15.7,199,210,14.2,13.6,246,46.3,775,53.4,17.5,16.7,24.5,341,125,114,214,86.4,8.79,471,68.5,549,204,14.7,77.8,101,204,100,7910,113,103,21,22.2,45.6,520,19.4,93,330,209,291,281,21.9,3.55,76.7,23.8,211,102,61.1,60.8,134,83.5,136,148,265,72.6,102,11.8,367,201,77.1,110,270,35,19.6,72.8,21.7,35.3,302,51,21.7,40.8
2016,53.1,107,17,164,23.1,229,16,103,3.14,106,118,39.1,1880,1250,663,46.7,375,16.1,96.4,20.9,10.1,69,3.97,24.8,80.3,65.7,68.2,410,89.3,49.6,3.99,134,7.38,11.5,24.1,149,43.9,428,34.7,15,95.1,74.5,75.3,108,127,137,135,40.7,98.1,220,66,96.1,306,43.5,49.1,31,102,49.2,18.1,118,7.68,201,56.5,235,124,86.8,316,155,50.4,64.6,3.93,394,1820,81.4,108,3.32,445,144,49.3,85.7,68.6,379,202,266,350,107,6.66,85.1,141,227,31.1,29.3,31.7,587,72.6,47.9,3.58,235,46.4,222,82.5,42.8,192,94.9,1430,14.7,1340,295,4.17,622,65.6,150,124,25800,1.95,46.7,79,36.7,81,3.01,567,202,504,17.7,51.1,16.3,204,211,14.4,14.3,251,46.7,796,54.3,17.9,16.9,24.8,347,125,113,221,85.9,8.79,483,68.9,553,208,15,80,101,205,102,8030,113,103,21.4,22.8,46.2,522,20,92.9,332,211,292,281,22.4,3.58,78.1,24,213,100,62.4,62.7,135,85.3,140,149,266,73.4,103,12,370,208,76.7,111,272,35.2,19.7,73.9,22.2,35.8,305,52.2,22.3,41.7
2017,54.4,107,17.3,164,23.9,232,16.2,103,3.18,106,119,39.5,1960,1270,664,46.7,377,16.4,99.1,21.2,10.2,68.8,4.04,25,81.3,65.3,70.2,423,90.7,50.9,4.03,136,7.48,11.8,24.3,150,44.2,437,35.9,15.4,96.1,76.4,74.9,108,128,137,135,41.3,98.6,223,66.9,98,308,45.2,50.2,30.9,105,49.6,18.2,119,7.86,208,56.3,236,127,86.6,317,158,51.8,66.2,3.95,398,1800,82.8,107,3.34,450,146,49.8,88.1,69.1,385,202,267,350,109,6.74,87.3,144,232,31.5,29.7,31.3,595,73.6,49.1,3.62,237,46.1,225,82.6,44,198,96.3,1450,15.2,1350,295,4.29,623,66.4,151,123,26000,1.98,46.8,80.1,37.7,81.7,3.08,568,204,505,17.9,51.7,17,210,212,14.5,15,256,47.2,817,55.1,18.2,17.1,25.1,352,125,113,227,85.5,8.79,495,69.4,557,213,15.3,82.3,101,206,105,8160,113,103,21.8,23.5,46.8,524,20.6,92.9,333,213,293,282,23,3.61,79.5,24.2,214,99.5,63.7,64.7,135,87.2,143,150,267,74.2,105,12.3,373,215,76.3,112,274,35.5,19.8,75,22.7,36.3,308,53.5,23,42.7
2018,55.7,107,17.6,164,24.7,234,16.3,103,3.22,106,120,39.9,2060,1280,666,46.6,380,16.8,102,21.4,10.4,68.7,4.12,25.2,82.4,64.8,72.2,437,92,52.2,4.06,137,7.6,12.2,24.5,151,44.6,447,37.1,15.8,97,78.3,74.4,108,129,138,136,41.9,99.1,225,67.9,99.8,309,46.8,51.4,30.8,108,49.9,18.2,119,8.02,214,56.2,236,129,86.4,319,161,53.1,67.8,3.97,403,1820,84.2,107,3.37,455,147,50.4,90.6,69.7,391,202,268,349,112,6.82,89.5,146,236,32,30.2,31,596,74.5,50.4,3.68,238,45.9,228,82.7,45.1,203,97.5,1480,15.7,1350,295,4.4,625,67.3,152,123,26100,2.01,46.8,81.1,38.8,82.4,3.14,566,207,507,18,52.2,17.6,215,213,14.7,15.6,260,47.7,839,56,18.6,17.4,25.4,357,124,112,232,85.1,8.79,507,69.9,559,218,15.6,84.6,100,207,107,8270,113,103,22.3,24.2,47.3,526,21.1,93,334,215,295,283,23.5,3.64,80.9,24.3,216,99.6,65.1,66.7,135,89,147,151,268,75,106,12.5,376,222,76,114,275,35.7,19.8,76.1,23.1,36.7,311,54.8,23.7,43.7
2019,57,107,17.9,164,25.5,237,16.5,103,3.27,106,121,40.3,2160,1290,667,46.5,382,17.1,105,21.7,10.5,68.7,4.19,25.4,83.4,64.4,74.3,451,93.4,53.5,4.1,139,7.75,12.6,24.7,151,44.9,457,38.3,16.2,97.9,80.3,74,108,130,138,136,42.5,99.6,228,68.9,102,311,48.5,52.6,30.8,110,50.3,18.3,120,8.19,220,56.2,237,132,86.3,320,164,54.5,69.5,4,408,1820,85.5,107,3.4,460,149,50.9,93,70.4,397,201,268,348,113,6.89,91.7,149,238,32.4,30.6,30.7,593,75.5,51.7,3.73,240,45.7,230,82.7,46.4,209,98.8,1510,16.1,1350,296,4.52,626,68.1,153,123,26200,2.04,46.8,82.1,39.9,83.2,3.21,563,209,508,18.2,52.8,18.3,221,214,14.8,16.2,265,48.3,862,56.8,19,17.6,25.7,363,124,112,236,84.6,8.79,519,70.3,561,222,15.9,87,99.9,208,109,8380,113,103,22.7,24.9,47.9,528,21.7,93.1,335,217,296,283,24.1,3.67,82.3,24.5,218,101,66.4,68.8,136,90.9,151,153,268,75.8,108,12.6,380,229,75.6,116,277,36,19.9,77.1,23.6,37.2,314,56,24.4,44.7
2020,58.3,107,18.2,164,26.3,239,16.6,103,3.31,107,122,40.6,2230,1300,669,46.4,384,17.4,108,21.9,10.7,68.6,4.26,25.6,84.3,63.9,76.4,465,94.7,54.9,4.14,141,7.9,12.9,24.8,152,45.3,467,39.5,16.7,98.8,82.3,73.6,108,131,138,137,43.1,100,230,69.8,103,313,50.1,53.8,30.7,113,50.6,18.4,120,8.35,227,56.1,237,135,86.1,321,167,56,71.1,4.02,413,1820,86.9,106,3.42,465,150,51.3,95.6,71,403,201,269,347,115,6.96,94,151,241,32.9,31,30.4,588,76.5,53,3.79,242,45.5,233,82.8,47.6,215,100,1530,16.6,1360,296,4.64,628,68.9,154,122,26400,2.07,46.8,83.1,41.1,83.9,3.28,561,211,510,18.4,53.3,19,226,215,14.9,16.6,270,48.8,884,57.7,19.3,17.8,26,368,124,112,240,84.2,8.78,530,70.7,563,227,16.1,89.3,99.5,209,111,8480,113,103,23.1,25.7,48.4,530,22.3,93.1,336,219,297,284,24.7,3.7,83.7,24.7,219,103,67.7,70.9,136,92.9,154,154,269,76.6,109,12.8,383,236,75.2,117,278,36.2,20,78.1,24.1,37.6,317,57.3,25.1,45.7
