year,Afghanistan,Albania,Algeria,Andorra,Angola,Antigua and Barbuda,Argentina,Armenia,Australia,Austria,Azerbaijan,Bahamas,Bahrain,Bangladesh,Barbados,Belarus,Belgium,Belize,Benin,Bhutan,Bolivia,Bosnia and Herzegovina,Botswana,Brazil,Brunei,Bulgaria,Burkina Faso,Burundi,Cambodia,Cameroon,Canada,Cape Verde,Central African Republic,Chad,Chile,China,Colombia,Comoros,"Congo, Dem. Rep.","Congo, Rep.",Costa Rica,Cote d'Ivoire,Croatia,Cuba,Cyprus,Czech Republic,Denmark,Djibouti,Dominica,Dominican Republic,Ecuador,Egypt,El Salvador,Equatorial Guinea,Eritrea,Estonia,Ethiopia,Fiji,Finland,France,Gabon,Gambia,Georgia,Germany,Ghana,Greece,Grenada,Guatemala,Guinea,Guinea-Bissau,Guyana,Haiti,Honduras,Hungary,Iceland,India,Indonesia,Iran,Iraq,Ireland,Israel,Italy,Jamaica,Japan,Jordan,Kazakhstan,Kenya,Kiribati,Kuwait,Kyrgyz Republic,Lao,Latvia,Lebanon,Lesotho,Liberia,Libya,Liechtenstein,Lithuania,Luxembourg,"Macedonia, FYR",Madagascar,Malawi,Malaysia,Maldives,Mali,Malta,Marshall Islands,Mauritania,Mauritius,Mexico,"Micronesia, Fed. Sts.",Moldova,Monaco,Mongolia,Montenegro,Morocco,Mozambique,Myanmar,Namibia,Nauru,Nepal,Netherlands,New Zealand,Nicaragua,Niger,Nigeria,North Korea,Norway,Oman,Pakistan,Palau,Palestine,Panama,Papua New Guinea,Paraguay,Peru,Philippines,Poland,Portugal,Qatar,Romania,Russia,Rwanda,Samoa,San Marino,Sao Tome and Principe,Saudi Arabia,Senegal,Serbia,Seychelles,Sierra Leone,Singapore,Slovak Republic,Slovenia,Solomon Islands,Somalia,South Africa,South Korea,South Sudan,Spain,Sri Lanka,St. Kitts and Nevis,St. Lucia,St. Vincent and the Grenadines,Sudan,Suriname,Swaziland,Sweden,Switzerland,Syria,Tajikistan,Tanzania,Thailand,Timor-Leste,Togo,Tonga,Trinidad and Tobago,Tunisia,Turkey,Turkmenistan,Tuvalu,Uganda,Ukraine,United Arab Emirates,United Kingdom,United States,Uruguay,Uzbekistan,Vanuatu,Venezuela,Vietnam,Yemen,Zambia,Zimbabwe
1960,5.14,5.39,5.52,10.5,5.07,2.81,2.68,5.32,2.78,0.684,2.75,6.05,3.56,4.67,0.454,4.44,0.759,2.53,7.44,7.83,2.71,5.12,3.48,5.15,9.06,3.67,3.38,3.79,2.63,5.94,3.16,2.78,4.83,5.83,3.55,4.94,6.13,7.83,4.02,4.78,3.79,10.4,3.5,2.24,2.77,2.2,1.77,7.08,2.54,5.68,4.57,4.39,3.26,5.88,5.59,2.03,5.55,5.26,3.02,2.42,4.99,4.68,2.99,1.25,6.66,1.39,2.43,5.04,5.94,4.25,3.45,4.4,5.31,0.899,2.64,2.33,4.23,4.52,6.04,0.183,5.36,2.84,4.15,2.41,8.29,5.69,5.8,6.25,11.5,4.04,3.22,2.22,7.31,13.8,5.67,6.48,2.31,4.06,1.11,4.75,5.45,4.45,5.48,3.1,3.75,3.94,5.74,10.7,4.91,4.78,4.3,5.88,2.15,8.19,5.71,4.25,4.27,3.91,5.2,4.64,4.19,2.54,2.41,4.31,4.53,6.82,4.91,0.717,8.46,4.56,3.49,,4.31,9.79,2.89,4.05,4.35,5.33,1.21,7.63,2.84,3.16,4.57,3.37,3.65,2.94,6.6,5.5,,,4.48,6.36,1.94,4.21,7.37,5.07,3.55,5.41,1.68,1.95,3.37,1.24,2.05,3.4,7.35,2.98,12.7,1.54,2.67,4.34,4.42,5.7,4.49,1.92,9.43,4.98,4.76,2.44,4.34,3.67,5.4,7.51,2.87,8.16,0.277,2.45,1.61,4.05,4.74,6.02,5.32,6.11,7.41,4.88
1961,5.19,3.89,6.62,11.2,5.35,-0.119,2.43,5.22,2.49,0.694,2.84,6.2,3.33,5.6,0.516,4.29,0.434,2.25,7.47,7.81,2.72,5.27,3.6,5.03,8.73,5.39,3.36,3.72,2.68,5.96,2.88,3.39,4.88,5.85,3.43,2.05,6.05,7.72,3.52,4.8,3.82,10.5,3.66,2.38,2.13,0.701,1.68,7.86,1.86,6.36,4.57,3.81,3.32,3.76,5.65,2.44,5.64,5.33,2.55,2.51,6.21,4.02,2.71,1.21,5.49,1.71,2.15,4.99,5.9,2.2,3.14,4.4,5.27,1.21,2.57,2.59,4.24,4.5,6.03,0.313,4.77,1.5,3.52,4.08,7.25,5.42,5.83,6.23,12.3,4.74,3.23,2.98,7.18,13.7,5.65,6.52,1.79,4.07,1.44,4.72,5.45,4.46,5.54,3.21,3.74,-0.466,6.42,10.6,5.22,4.78,4.21,5.69,1.57,8.22,5.9,4.71,4.67,3.88,4.76,5.34,4.15,1.76,2.69,4.22,4.6,3.47,4.47,2.93,8.71,4.15,3.14,,4.42,9.75,2.9,4.08,4.19,2.41,1.91,8.66,2.79,2.76,4.17,3.47,4.75,4.92,6.72,5.49,,6.51,4.51,3.34,4.44,3.74,7.52,5.06,2.99,5.89,1.75,2.22,3.35,2.24,2.22,3.19,7.36,2.87,12.6,1.58,2.43,4.79,4.57,5.71,3.53,3.26,9.08,5.55,4.43,2.58,4.15,3.69,5.71,7.6,2.85,9.92,0.671,2.2,1.57,4.07,4.82,5.82,5.23,5.56,7.43,4.92
1962,5.24,3.29,6.83,10.7,5.64,0.182,2.32,5.1,2.79,0.688,2.87,6.28,3.1,6.94,0.589,4.32,0.533,2.21,7.53,7.81,2.73,5.69,3.68,5,8.47,5.2,3.34,3.71,3,6.01,3.04,3.97,4.94,5.87,3.34,3.87,5.98,7.67,3.55,4.84,3.82,10.5,3.78,2.5,1.59,1.21,1.68,8.5,1.72,6.36,4.58,3.62,3.19,1.74,5.7,2.65,5.71,5.36,2.16,2.81,7.78,3.43,2.64,0.97,5.44,2.15,1.88,4.96,5.87,2.12,2.98,4.4,5.25,1.07,2.46,3.05,4.24,4.5,6.05,0.873,5.81,1.51,3.65,2.37,5.22,5.12,5.87,6.2,12.7,4.34,3.24,2.81,7.02,13.8,5.66,6.57,1.27,3.82,1.96,4.8,5.47,4.48,5.58,3.28,3.72,-0.483,6.96,10.6,4.84,4.75,4.15,5.53,1.01,8.22,6,4.63,4.8,3.87,4.69,5.65,2.72,1.73,3.33,4.14,4.63,3.5,4.09,4,8.71,3.54,3.01,,4.5,9.78,2.91,5.19,4.17,1.96,1.79,9.47,2.62,2.73,3.89,3.61,4.74,6.51,6.83,5.49,,6.31,4.54,2.77,3.32,3.4,7.55,5.08,2.89,6.07,1.8,2.66,3.32,1.77,2.37,3,7.37,2.77,12.5,1.87,2.95,4.91,4.69,5.75,3.54,4.39,8.89,5.98,4.11,2.73,4.06,3.69,5.68,7.71,2.82,11.8,0.674,2.08,1.52,4.11,4.86,5.48,5.2,5.58,7.45,5.29
1963,5.28,3.18,6.76,10.3,5.61,0.391,2.28,4.96,2.26,0.719,2.81,6.22,2.86,6.98,0.628,4.31,0.916,2.23,7.59,7.86,2.74,5.61,3.77,4.95,8.29,5.01,3.37,3.72,4.12,6.04,3.01,4.43,4.99,5.88,3.31,5.49,5.89,7.65,3.58,4.86,4.15,10.5,3.71,2.55,1.4,1.28,1.67,8.79,1.68,6.28,4.43,3.59,3.22,1.85,5.74,2.66,5.75,5.28,2.16,3.3,7.82,4.01,2.59,1.02,5.32,1.9,1.6,4.92,5.88,2.12,2.79,4.39,5.24,1,2.37,3.07,4.25,4.49,6.08,1.04,4.63,1.55,3.7,2.42,4.5,4.77,6.53,6.16,12.7,4.34,3.25,2.78,6.75,13.8,5.65,6.65,1.37,3.62,1.76,4.76,5.5,4.53,5.53,3.25,3.72,-0.484,7.21,10.6,4.59,4.71,4.16,5.38,0.558,6.31,5.8,4.52,4.8,3.88,4.72,5.5,2.73,1.65,2.76,4.26,7.13,3.54,3.92,3.84,8.69,3.59,2.73,,4.49,9.79,3.04,5.16,4.12,2.14,1.46,9.71,2.59,2.7,3.75,3.63,4.71,6.2,7.82,5.48,,6.14,4.65,2.53,3.22,3.6,7.56,5.08,2.91,5.95,1.86,2.57,3.31,1.33,2.5,2.85,7.39,2.72,12.4,1.84,2.55,4.91,4.75,5.76,3.55,4.42,9.02,6.17,3.81,2.86,4.03,3.66,5.63,7.8,2.76,12.1,0.572,1.97,1.46,4.16,4.83,5.41,5.17,5.59,7.75,7
1964,5.34,3.11,6.74,9.72,5.54,0.471,2.23,4.79,2.3,0.742,2.65,6.03,2.65,7.05,0.607,4.26,1.11,2.27,7.64,7.97,2.76,5.46,7.23,4.87,8.19,4.89,3.43,3.85,3.92,6.07,3,4.76,5.05,6.5,3.27,5.33,5.81,7.66,3.64,4.88,5.17,10.4,3.63,2.51,1.47,1.39,1.66,8.83,1.76,6.19,4.34,3.57,3.21,2.15,5.75,2.7,5.78,5.07,1.98,3.15,7.9,7.54,2.52,0.896,5.11,1.86,1.38,4.68,5.91,2.23,2.56,4.39,5.25,1.05,2.36,3.09,4.26,4.48,6.15,0.943,4.87,1.64,3.65,2.41,5.5,4.39,6.65,6.06,12.3,4.28,3.26,2.76,6.38,13.7,5.66,6.74,1.46,3.59,1.83,4.77,5.52,4.56,5.4,3.17,3.74,-0.473,7.18,10.5,4.37,4.66,4.31,5.15,0.293,4.32,5.25,4.4,4.83,3.92,4.75,5.07,2.8,1.64,2.85,5.02,7.13,3.56,4.04,3.73,8.66,3.64,2.56,,4.47,9.86,3.1,5.1,4.05,2.19,1.11,9.38,2.57,2.67,3.95,3.54,4.53,6.56,8.68,5.49,,6.05,4.89,2.56,3.22,3.67,7.54,4.96,2.92,5.74,1.9,2.65,2.93,0.993,2.59,2.76,7.4,2.59,12.4,1.98,2.06,4.92,4.73,5.77,3.55,4.45,9.62,6.01,3.56,2.97,4.01,3.59,5.5,7.82,2.67,10.9,0.472,1.91,1.41,4.23,4.75,5.29,5.12,5.59,9.27,6.98
1965,5.37,2.98,6.73,9.23,5.42,0.464,2.18,4.61,2.29,0.725,2.42,5.76,2.59,7.16,0.548,4,1.07,2.33,7.68,8.13,2.77,5.24,17.4,4.76,8.15,4.67,3.48,4.9,3.68,6.08,2.89,4.93,5.07,8.42,3.22,1.21,4.49,7.69,3.71,4.88,5.04,10.2,3.55,2.41,1.74,1.31,1.61,8.72,1.9,6.08,4.34,3.54,3.17,2.5,5.72,2.59,5.78,4.77,1.73,2.92,7.98,7.66,2.41,0.942,4.84,1.93,1.15,3.81,5.96,2.39,2.31,4.37,5.25,1,2.3,3.09,4.27,4.47,6.2,0.83,4.37,1.64,3.52,2.4,6.9,4.2,6.65,5.9,11.9,4.02,3.28,2.52,5.93,13.7,5.67,12.3,1.53,3.52,1.83,4.77,5.52,4.6,5.21,2.99,3.76,-0.834,6.83,10.5,4.16,4.62,4.47,5,0.198,4.25,4.46,4.26,4.84,3.98,4.76,4.27,2.84,1.67,2.38,4.99,7.08,3.56,4.35,3.64,8.6,3.67,2.25,,4.43,9.87,3.1,5.03,3.96,1.78,0.637,8.91,2.49,2.63,4.26,3.38,4.41,7.29,8.51,5.49,,5.99,4.88,2.43,3.14,3.74,7.55,4.81,2.93,5.62,1.95,2.7,2.94,0.714,2.64,2.73,7.4,2.2,12.3,2.12,1.56,4.92,4.64,5.77,3.55,4.48,10.4,5.65,3.33,3.05,3.99,3.51,5.29,7.78,2.73,9.24,0.464,1.77,1.35,4.31,4.65,5.13,5.09,5.6,9.13,6.91
1966,5.4,2.86,5.89,8.75,5.32,0.435,2.13,4.42,2.61,0.778,2.18,5.5,2.61,7.28,0.48,3.95,0.833,2.4,7.74,8.27,2.78,5.03,17.4,4.66,8.11,3.83,3.56,6.71,3.36,6.1,2.89,5.13,5.11,8.35,3.18,1.84,4.41,7.78,3.78,4.88,4.91,6.6,3.48,2.29,2.07,1.2,1.54,8.68,2.11,5.98,4.33,3.52,3.11,3,5.72,2.29,5.76,4.47,1.74,2.67,8.07,7.82,2.23,0.923,4.55,2.17,0.919,3.81,6.03,2.57,2.06,4.37,5.28,1.02,2.24,3.1,4.28,4.48,5.61,1.27,3.39,1.57,3.38,2.14,8.29,3.79,6.68,5.78,12.1,4.08,3.27,2.13,5.43,12.4,5.68,12.6,1.61,3.48,1.4,4.81,5.49,4.64,5.01,1.76,3.79,-1.2,6.55,10.4,3.99,4.56,4.74,4.83,0.0987,4.18,3.57,4.13,4.85,4.05,4.76,3.31,2.93,1.61,2.46,4.98,7.05,3.57,4.68,3.56,8.58,3.7,2.02,,4.39,9.94,3.11,4.96,3.87,1.54,0.282,8.41,2.67,2.06,4.69,3.23,4.22,8.21,8.35,5.49,,5.92,4.88,2.49,3.04,3.92,7.51,5.01,2.93,5.55,2.01,2.6,2.97,0.381,2.7,2.7,7.41,2.28,12.2,2.06,1.44,4.94,4.56,5.76,3.54,4.44,11.3,5.27,3.11,3.29,4.46,3.4,5.02,7.82,2.59,7.52,0.373,1.67,1.31,4.4,4.51,4.99,5.05,5.62,9,6.86
1967,5.39,2.86,3.26,8.29,5.26,0.411,2.08,4.24,1.46,0.823,1.97,5.25,2.52,7.35,0.441,3.91,0.711,2.42,7.77,8.41,2.8,4.83,17.4,4.57,8.02,3.27,3.65,6.88,11,6.12,2.49,5.26,5.14,8.27,3.14,1.84,4.36,3.94,3.83,4.88,4.79,6.52,3.43,2.18,2.33,1.09,1.49,8.69,2.23,5.87,4.32,3.49,3.05,3.3,5.7,1.98,5.73,3.67,1.88,2.45,8.14,7.93,2.05,0.546,4.31,2.21,0.698,3.8,6.06,2.71,1.83,4.35,5.29,1.08,2.15,3.11,4.29,4.78,5.42,2.92,5.14,1.5,3.27,2.11,9.09,3.42,6.71,5.65,11.5,3.95,5.76,2.13,4.99,6.98,5.69,12.3,1.69,3.42,1,4.82,5.12,6.97,4.84,1.71,3.8,-1.23,6.3,10.4,3.83,4.51,4.89,4.66,-0.0558,4.12,2.83,4.01,4.87,4.1,4.76,2.83,2.98,1.43,2.33,4.96,8.24,3.59,4.88,3.49,8.57,3.73,1.7,,4.35,15.3,3.11,4.89,3.8,1.75,0.397,8.07,2.92,2.03,5,3.73,4.13,8.86,8.23,5.48,,5.82,4.89,2.21,2.94,3.8,7.52,5.23,2.93,7.09,2.05,2.77,2.97,0.0721,2.74,2.67,7.42,2.28,10.2,1.81,1.63,4.94,4.48,5.77,3.52,4.38,11.9,3.86,2.91,4.1,4.66,3.32,4.71,7.78,2.46,6.9,0.357,1.59,1.25,4.45,4.41,4.84,5,5.67,8.87,6.81
1968,5.45,3.07,3.3,7.88,5.27,0.347,2.07,4.1,1.96,0.594,1.78,4.92,2.62,7.25,0.44,3.85,0.544,2.34,7.8,8.47,2.81,4.69,17.4,4.47,7.91,3.29,3.68,6.81,10.8,6.14,2.29,5.04,5.32,8.26,3.07,1.88,4.28,4,3.85,4.9,4.66,6.54,3.36,2.11,2.51,0.994,1.29,8.6,2.16,5.77,4.31,3.44,3,3,3.9,2.09,4.45,3.36,1.76,1.97,8.11,8.07,1.97,0.533,4.21,2.02,0.508,3.78,5.98,2.83,1.65,4.32,5.3,1.09,1.89,3.12,4.27,4.94,5.45,2.85,2.88,1.4,3.22,1.48,9.02,3.14,6.74,5.51,10.8,3.87,5.79,2.29,4.75,6.99,5.72,12,1.64,3.3,0.916,4.74,5.15,7.28,4.71,3.8,3.87,-1.2,8.68,10.3,3.7,4.49,4.69,4.5,0.0515,4.08,2.46,3.91,4.89,4.13,4.8,2.17,3.05,1.34,1.41,4.94,8.2,3.61,6.91,3.39,8.59,3.75,1.61,,4.31,15.2,3.09,4.82,3.74,1.74,0.601,7.99,2.61,2,5.21,3.71,3.85,9.19,8.2,5.49,,5.73,4.92,1.72,2.84,3.49,7.58,5.16,2.94,7.54,2.1,2.81,2.94,0.0131,2.72,2.65,7.42,2.03,10.2,1.56,1.65,4.95,4.4,9.57,3.5,4.41,12.1,2.7,2.83,4.14,4.63,3.25,4.57,7.72,2.36,7.97,0.305,1.5,1.15,4.39,4.4,4.7,4.93,5.67,8.78,6.79
1969,5.55,3.22,3.29,7.57,5.36,0.231,2.1,3.99,2.29,0.421,1.63,4.51,2.95,6.95,0.495,3.74,0.431,2.12,7.79,8.48,2.82,4.61,17.3,4.37,7.76,3.28,3.73,6.56,10.7,6.14,2.03,4.41,5.24,8.28,2.97,2.01,4.13,3.99,3.82,4.93,4.51,6.68,3.26,2.08,2.56,0.949,1.22,8.36,1.86,5.65,4.28,3.36,2.95,1.94,3.91,2.19,4.54,3.26,1.23,1.29,7.94,8.19,1.99,0.882,4.3,1.7,0.403,3.75,5.74,2.91,1.53,4.25,5.28,1.12,1.43,3.16,4.26,4.89,5.41,2.92,3.36,1.33,3.24,3.18,8.12,2.99,6.78,6.32,9.93,3.6,5.85,2.13,4.75,6.98,5.73,11.6,1.53,3.05,1.14,4.53,5.16,7.32,4.62,3.99,3.94,-1.17,8.74,10.2,3.58,4.49,4.03,4.43,0.18,4.27,2.63,3.82,4.91,4.13,4.89,2.13,3.08,1.45,1.41,4.92,8.15,3.64,8.06,3.26,8.62,3.77,1.6,,4.27,15.1,3.04,4.73,3.72,1.56,0.12,8.2,2.3,1.97,5.2,3.43,3.47,8.99,8.25,5.49,,5.61,4.97,1.5,2.8,3.11,7.71,4.73,2.96,7.32,2.14,2.44,2.86,0.183,2.61,2.65,7.41,1.46,10.3,1.66,1.51,4.95,4.31,10.3,3.48,4.56,11.7,2.33,2.87,4.13,4.6,3.21,4.3,7.56,2.3,10.7,0.233,1.47,0.979,4.22,4.44,4.54,4.82,5.58,8.72,6.67
1970,5.68,3.16,3.25,7.33,5.54,0.535,2.16,3.87,2.16,0.426,2.2,4.07,3.43,6.53,0.704,3.77,0.244,1.88,7.78,8.44,2.84,4.58,17.2,4.29,7.59,3.11,3.73,6.14,10.8,6.16,2.05,3.54,5.14,8.38,2.87,2.03,3.97,3.92,3.76,4.97,4.37,6.91,3.23,2.07,2.51,0.346,1.4,8.13,1.83,5.55,4.25,3.27,2.91,0.431,3.94,2.09,4.67,3.23,0.879,1.34,7.72,8.33,1.98,0.42,4.04,1.54,0.267,3.7,5.43,2.98,1.5,4.17,5.26,1.08,1.02,3.21,4.22,4.85,5.32,3.13,4.05,1.28,3.17,2.21,6.82,2.82,7.9,6.93,9.01,2.9,5.95,1.95,4.92,6.96,5.76,11.2,1.28,3.13,1.13,4.26,5.19,7.36,4.58,4.38,4.02,-0.534,8.91,10.1,3.48,4.49,3.12,4.17,0.589,4.51,3.22,3.75,4.95,4.11,4.85,1.94,3.13,1.53,1.87,4.91,8.12,3.69,7.71,3.07,8.69,3.78,1.78,,4.13,15,2.96,4.65,3.82,1.12,0.124,8.5,2.44,1.91,5.14,3.14,3.08,8.52,8.37,5.51,,5.51,5.04,1.55,2.44,3.17,6.24,4.18,2.97,7.09,2.17,2.53,2.75,0.261,2.43,2.67,7.41,0.696,10.3,1.86,1.11,4.95,3.38,10.3,3.97,4.75,9.6,1.93,3.03,4.11,4.58,3.01,4.44,4.59,2.17,14.4,0.215,1.53,0.775,4.23,4.59,4.39,4.71,5.51,6.57,6.08
1971,5.78,3.03,3.2,7.16,6.62,1.84,2.19,3.77,3.57,0.512,2.9,3.62,3.85,6.07,1.18,3.83,0.324,1.8,7.75,8.4,2.85,4.41,17.1,4.24,7.41,2.56,3.72,5.73,17.9,8.71,2.07,2.76,5.04,8.48,2.75,2.12,3.79,3.82,3.69,5.02,4.22,7.12,2.93,2.93,2.45,1.06,1.32,7.67,2.71,5.44,4.21,3.17,2.86,-1.26,3.96,2.06,4.82,3.22,1.4,1.42,8.25,8.5,2.01,0.264,3.39,1.57,-0.0428,3.67,5.11,3.06,1.6,4.08,5.24,0.994,1.24,3.42,4.2,4.81,5.22,3.09,3.85,1.21,2.8,2.38,5.58,2.65,8.12,6.74,7.94,2.47,6.08,1.91,5.05,6.94,5.78,10.8,1.67,3.57,1.68,3.53,5.7,7.39,4.78,10.8,4.12,0.0265,9.16,10,3.38,4.47,2.14,3.93,1,4.53,3.95,3.69,5.67,4.08,4.19,1.85,3.26,1.59,1.97,4.65,8.07,4.5,3.65,1.97,8.73,3.78,1.99,,3.43,14.8,2.89,4.57,4.43,1.4,0.584,8.94,2.27,1.86,7.34,2.83,4.92,4.61,8.5,5.4,,5.22,5.12,1.83,2.72,3.36,4.09,3.24,2.9,5.73,2.22,2.42,2.64,-0.36,2.23,2.7,7.38,-0.144,10.3,1.34,0.726,4.34,2.3,10.3,5.5,5.09,4.76,1.5,3.21,4.07,4.23,2.77,4.19,3.95,2.04,16.9,0.305,1.28,0.546,4.26,4.71,4.24,2.98,3.92,6.28,6.14
1972,5.81,3.1,3.17,6.93,7.52,1.68,2.23,3.69,2.03,0.597,2.79,3.23,4.23,5.72,1.27,3.73,0.53,1.56,7.74,8.38,2.86,3.94,10.8,4.16,5.08,2.43,3.77,5.41,17.6,8.65,1.44,2.09,4.96,8.56,2.65,1.83,3.64,3.77,3.64,5.05,4.1,7.28,2.11,3.08,2.41,2.22,1.18,7.37,2.22,5.34,4.18,3.1,3.79,-2.72,3.99,1.94,4.93,3.19,1.89,1.47,7.99,8.65,1.97,0.557,3.61,1.42,-0.0493,3.63,4.84,3.13,1.52,2.22,5.22,0.999,1.89,3.94,5.14,4.8,5.13,2.14,3.2,1.01,2.88,2.48,4.64,2.62,8.16,6.55,7.32,2.54,6.16,1.92,5.11,6.75,5.81,10.4,1.89,3.51,2.03,2.08,5.73,7.44,4.74,11,4.21,-0.0737,9.21,9.93,3.29,4.47,1.35,3.85,1.39,4.53,4.54,3.98,6.26,4.07,4.29,1.89,6.77,1.53,2.17,3.65,8.03,4.53,3.57,1.51,8.8,3.8,2.15,,3.4,4.54,2.84,4.43,4.41,2.06,0.846,8.98,2.18,1.83,7.48,1.97,4.31,3.19,8.6,5.42,,5.98,5.19,1.85,3.34,3.62,4.23,2.62,2.92,5.21,2.25,2.14,2.53,0.137,2.06,2.72,7.37,1.91,10.4,0.691,0.835,4.17,2.22,10.3,5.45,5.29,4.3,1.12,3.38,4.05,4.07,2.75,4.13,3.83,2.02,17.7,0.553,1.08,0.355,4.04,4.8,3.99,2.88,3.88,6.32,6.18
1973,5.74,2.96,3.16,6.55,7.61,1.51,2.24,3.58,1.72,0.569,2.69,2.98,4.71,5.56,1.32,3.59,0.45,1.36,7.71,8.31,2.87,3.89,10.2,4.08,4.7,2.44,3.78,5.23,16.7,8.58,1.54,1.61,4.92,8.19,2.56,2.28,3.53,3.88,3.62,5.03,3.92,7.34,2.06,2.97,3.37,2.29,1.2,7.8,1.97,5.22,4.14,3.05,3.71,-3.7,4,1.76,4.85,3.16,1.83,1.46,7.75,8.22,1.83,0.394,3.63,1.21,-0.109,3.58,4.6,3.02,1.46,1.84,5.21,1.01,1.92,3.95,5.37,4.81,5.04,2.25,4.56,0.988,2.89,1.87,3.96,2.55,8.16,6.38,6.93,2.48,5.62,1.93,4.96,6.55,5.83,9.93,1.78,3.32,1.89,1.98,5.73,7.47,4.71,11,4.26,-0.0726,9.01,9.81,0.989,4.42,1.02,3.8,1.6,4.49,4.87,3.97,6.29,3.63,4.26,1.76,6.78,1.34,2.35,3.66,7.99,4.59,3.4,1.43,8.93,4.01,2.09,,3.37,4.4,3.75,3.7,4.38,2.13,1.02,8.68,2.06,1.8,7.44,1.45,3.91,3.05,8.62,5.35,,5,5.23,1.87,3.4,3.59,4.3,3.34,2.91,5.01,2.3,2.11,2.46,0.489,2,2.72,6.64,4.05,10.3,0.559,0.811,4.18,2.17,10.2,5.36,4.95,3.94,0.888,3.47,4.02,4.04,2.71,4.13,3.74,1.98,17.7,0.404,0.968,0.263,3.9,4.86,3.83,2.81,3.99,6.31,6.16
1974,5.56,2.9,3.18,6,7.69,1.39,2.2,3.46,2.72,0.186,2.37,2.9,5.32,7.19,1.32,3.43,0.447,1.23,7.71,8.31,2.89,3.82,10.3,4.03,4.55,2.54,3.81,5.38,15.1,8.52,1.63,1.57,4.96,8.08,2.48,2.69,3.44,4.2,3.65,5.08,3.32,7.35,2,2.79,6.26,2.34,1.05,9,2.02,5.12,4.15,3.05,3.61,-3.88,4.01,1.65,4.56,3.11,1.76,1.37,7.61,6.29,1.81,0.118,3.42,1.12,-0.297,3.51,4.46,2.71,1.44,1.88,5.05,1.13,1.76,3.96,5.33,4.87,4.98,2.3,3.48,0.962,2.83,2.92,3.58,2.44,8.17,4.81,6.78,2.58,4.67,1.96,4.46,6.66,5.87,7.1,1.77,3.21,2.08,2.04,5.73,7.53,4.71,10.8,4.28,-0.0575,4.36,9.71,1.02,4.31,0.874,3.69,1.61,4.42,4.85,3.99,6.4,2.41,4.11,1.58,6.82,1.29,2.47,3.66,7.98,4.71,3.17,1.34,9.18,4.12,1.71,,3.31,4.44,3.79,3.69,4.35,2.16,2.38,7.84,2.12,1.77,7.51,1.27,3.81,3.22,8.59,5.21,,5.21,5.25,1.66,3.42,3.25,4.29,5.85,2.87,4.87,2.33,2.08,2.43,0.545,2.04,2.7,4.42,3.76,10.3,0.671,0.611,4.16,2.12,10.2,5.25,3.96,3.77,0.858,3.48,4.01,4,2.68,4.13,3.77,1.92,17.1,0.274,0.927,0.308,3.88,4.84,3.77,2.76,4.29,6.29,6.08
1975,5.3,2.9,3.22,5.34,7.71,1.26,2.13,3.07,1.42,-0.25,2.07,2.94,5.92,10.5,1.29,2.96,0.418,1.16,7.7,8.31,2.91,3.73,10.4,3.99,4.38,2.31,3.87,5.74,-187,8.46,1.73,1.88,5.04,7.88,2.41,2.39,3.41,4.64,3.71,5.14,3.34,7.56,1.94,2.57,6.07,2.32,0.853,10.4,2.31,5.01,4.91,3.08,3.51,-3.32,4.01,1.56,4.15,3.05,1.65,1.06,7.5,6.15,1.67,-0.294,3.07,1.68,-0.543,3.45,4.37,2.28,1.44,1.95,4.72,1.27,1.67,3.93,5.27,4.95,4.93,2.28,2.77,0.904,2.71,2.58,3.44,1.82,8.17,3.65,6.95,2.48,4.23,1.83,3.74,6.77,5.92,6.68,1.9,3.09,1.85,2.19,5.71,7.56,4.73,10.5,4.26,0.743,3.41,9.59,1.07,4.16,1.52,3.49,1.45,4.32,4.58,4.03,6.5,2.4,3.87,1.37,6.83,1.39,2.33,3.65,7.98,4.85,2.88,1.26,9.45,4.2,1.14,,3.25,4.47,3.83,3.68,4.23,2.18,4.78,6.82,2.44,1.75,7.61,1.16,3.97,3.52,7.96,5.02,,5.6,4.4,1.46,3.39,3.64,4.21,8.59,2.8,4.76,2.39,2.05,2.42,0.388,2.18,2.67,4.5,3.76,10.2,0.655,0.0291,4.14,2.09,10.1,5.11,2.58,3.73,0.984,3.42,3.94,3.95,2.63,3.81,3.85,1.81,16.2,0.201,1,0.48,3.91,4.78,3.74,2.73,4.69,6.22,5.64
1976,5.09,2.81,3.25,4.72,7.72,1.18,2.05,2.94,1.19,-0.161,2.04,3,6.53,10.8,1.25,2.84,0.306,1.09,7.71,8.32,2.93,3.62,10.5,3.95,4.21,2.09,6.86,6.09,5.78,7.76,1.18,2.27,4.08,7.69,2.34,1.89,3.41,5.11,3.78,5.06,3.39,8.8,1.89,2.34,5.91,2.23,0.802,11.8,2.65,4.9,4.84,3.11,3.41,-2.62,4.02,1.47,3.69,2.96,1.48,0.628,7.41,5.99,1.65,-0.35,2.67,2.28,-0.884,3.39,4.29,1.78,1.46,2.02,4.73,1.22,1.38,3.91,5.22,5.02,4.88,2.14,2.7,0.805,2.57,1.04,3.31,1.68,8.17,3.65,7.59,2.37,3.77,1.64,2.96,6.05,5.88,6.46,2.03,3,1.23,2.39,5.38,7.65,4.77,10.2,4.23,0.519,2.98,9.48,1.11,4,2.4,3.36,1.29,4.23,4.24,4.08,6.61,2.39,3.64,1.15,6.86,1.28,1.19,3.65,7.99,5.01,1.78,1.17,9.69,4.27,0.518,,3.19,4.52,3.87,3.68,3.78,2.16,3.82,5.66,2.38,1.85,7.67,1.05,4.1,3.87,7.73,4.56,,5.23,3.75,1.35,3.35,4.1,5.24,11,2.73,5.05,2.39,2,2.41,0.219,2.35,2.63,4.56,3.86,10.2,0.451,-0.499,4.11,2.06,10,4.98,0.936,3.69,1.17,3.34,3.51,3.49,2.6,3.92,3.95,1.74,15.6,0.182,0.964,0.898,3.97,4.77,3.72,2.71,5.12,6.15,5.51
1977,4.85,2.81,3.93,4.25,7.71,1.04,1.98,2.81,1.31,0.0537,2,3.03,6.89,10.9,1.21,2.86,0.341,1.04,7.67,8.28,4.15,3.52,10.5,3.9,4.05,2.05,8.96,6.41,4.46,5.57,1.23,2.57,3.29,7.51,2.28,1.71,3.4,5.46,3.83,4.97,3.41,8.65,1.56,2.14,5.71,2.1,0.657,12.5,2.9,4.8,4.77,2.66,3.31,-1.88,4,1.48,3.33,2.35,1.42,0.505,7.27,5.88,1.6,-0.148,2.38,2.01,-1.17,3.34,4.23,1.37,1.46,2.09,4.74,1.13,1.12,3.89,5.15,4.84,4.8,1.98,2.69,0.728,2.44,1.04,3.18,1.57,8.14,3.64,7.35,2.3,3.39,1.58,2.29,3.12,5.8,6.24,2.06,2.9,0.889,2.51,5.38,7.74,4.79,9.92,4.3,0.4,2.63,8.86,1.12,3.85,3.09,3.16,1.11,4.13,3.99,4.1,6.66,2.36,3.48,1.14,6.87,1.09,0.432,3.63,7.97,5.12,1.52,1.11,9.8,4.33,-0.0398,,3.12,4.53,3.9,3.66,3.75,2.11,2.03,4.92,2.33,1.82,7.73,0.751,4.32,4.09,7.66,3.44,,5.2,3.78,1.39,3.3,3.77,6.89,12.8,2.67,5.03,2.38,1.95,2.4,0.0386,2.48,2.58,4.61,3.9,5.99,0.441,-0.266,4.08,2.04,9.9,4.84,-0.477,3.64,1.83,3.28,3.51,3.26,2.57,3.82,4.03,1.66,14.8,0.174,1.02,1.04,3.99,4.7,3.69,2.69,5.47,6.07,5.4
1978,4.39,2.67,5,3.97,7.76,0.847,1.94,2.7,1.34,-0.0657,1.98,3.07,6.74,11,1.17,2.91,0.303,1.11,7.65,8.22,4.52,3.46,10.5,3.85,3.88,1.61,9.02,6.65,3.91,5.59,1.06,2.87,3.4,7.41,2.23,3.48,3.38,5.6,3.82,4.91,3.44,8.52,2.03,1.97,5.45,1.99,0.651,11.9,2.95,4.7,4.71,2.39,3.19,-0.555,4.02,1.42,3.23,2.24,1.4,0.433,7.14,5.89,1.49,-0.01,2.33,2,-1.03,3.3,4.33,1.26,1.37,2.15,4.74,0.999,1.14,3.87,5.1,4.83,4.36,2.04,2.55,0.657,2.4,0.981,3.22,1.52,8.13,3.64,7.06,2.21,3.26,1.51,1.85,3.18,5.83,6.08,2.08,2.79,0.877,2.54,5.38,5.98,4.78,7.82,4.4,1.05,2.56,8.29,0.799,3.71,3.6,3.09,1.07,4.07,3.84,4.13,6.63,2.35,3.36,1.06,6.86,1.1,0.153,3.58,5.83,5.14,1.37,1.06,9.85,4.39,-0.133,,3.07,4.57,3.95,3.63,3.74,1.93,2.04,5.24,2.49,1.8,7.8,0.589,4.37,4.12,7.72,3.39,,0.821,3.8,1.21,3.22,3.6,6.79,12.5,2.63,4.88,2.46,1.87,2.36,-0.0386,2.55,2.53,4.63,3.9,5.22,0.377,0.0816,4.08,2.05,9.82,4.72,-1.12,3.73,2.22,3.25,3.55,3.23,2.52,3.86,4.08,1.61,13.3,0.209,1.07,1.13,3.99,4.62,3.65,2.68,5.73,6.01,5.41
1979,3.6,2.58,5.03,4.12,7.84,0.513,1.94,2.35,1.26,-0.155,1.9,3.06,6.06,11,1.12,2.72,0.291,1.35,6.95,8.08,4.47,3.45,10.3,3.81,3.7,1.6,9.06,6.74,4.55,5.6,1.05,3.1,3.55,2.98,2.2,5.26,3.37,5.47,3.74,4.88,3.46,5.08,1.81,1.82,5.09,1.88,0.581,10.1,2.72,4.61,4.64,2.44,3.06,1.39,4.06,1.09,3.44,2.38,1.34,0.429,6.99,6,1.52,0.123,2.6,1.94,-0.353,3.29,4.59,2.39,1.16,2.23,4.73,0.829,1.33,3.87,5.05,5.02,4.1,1.95,3,0.589,2.46,0.919,3.43,1.67,8.13,2.84,6.7,1.99,3.41,1.14,1.73,3.16,5.98,5.98,1.87,2.24,0.913,2.42,5.37,5.39,4.72,5.93,4.45,1.02,2.71,8.2,1.23,3.59,3.81,2.89,1.17,3.9,3.85,4.14,6.49,2.34,3.3,1.2,6.89,1.18,-0.273,3.52,4.48,5.07,1.35,1.01,9.79,4.45,0.212,,3.02,4.57,4,3.57,3.73,1.66,2.03,6.74,2.21,1.58,5.12,0.582,4.16,3.93,7.92,3.46,,0.827,3.81,1.26,3.15,3.53,6.74,10.4,2.63,4.75,2.61,1.77,2.3,-0.0644,2.54,2.49,4.62,3.76,5.18,0.305,0.273,4.12,2.14,6.58,4.61,-0.551,3.99,2.05,3.26,3.65,3.23,2.3,3.8,4.1,1.52,11.3,0.293,1.12,1.16,3.38,4.9,3.61,2.71,5.85,5.97,5.56
1980,3.08,2.83,5.06,4.41,7.94,0.114,1.96,1.97,1.39,0.0154,1.82,3.07,5.12,10.8,0.884,2.57,0.304,1.67,5.14,7.91,4.42,3.47,10.2,3.76,3.53,1.84,9.14,6.33,48.9,5.62,1.35,3.63,3.7,3.09,2.19,5.16,3.34,5.19,3.61,4.86,3.48,5.02,1.84,1.71,4.68,1.45,0.451,7.92,2.29,4.52,4.58,2.5,2.92,3.62,4.1,0.911,3.83,2.58,1.37,0.477,6.83,6.19,1.49,0.286,3.08,1.67,0.706,3.3,4.96,7.04,0.774,2.31,4.7,0.53,1.41,3.88,5.02,5.23,3.97,1.77,2.82,0.504,2.59,0.859,4.96,1.9,4.97,2.18,6.34,1.7,3.78,0.841,1.84,3.11,6.15,5.9,1.58,1.76,1.02,2.21,5.37,5.25,4.61,6.14,4.52,1.06,3.05,8.11,1.17,3.46,3.81,2.75,1.32,3.75,3.95,4.14,6.29,2.34,3.3,1.22,6.9,1.27,0.245,3.45,4.46,4.94,1.43,0.981,9.66,4.51,1.01,,2.99,4.57,4.07,3.49,3.98,1.57,2.03,8.78,2.24,1.35,4.8,0.609,3.75,3.57,8.17,3.61,,0.881,3.82,1.27,2.93,3.4,6.68,7.55,2.69,4.67,2.79,1.67,2.21,-0.18,2.48,2.42,4.59,3.56,5.12,0.288,0.468,4.19,2.26,6,4.15,1.01,4.36,1.81,3.1,3.78,3.23,2.03,3.99,5.39,1.43,9.31,0.321,1.02,1.13,2.66,5.23,3.55,2.61,5.9,5.95,5.78
1981,2.01,2.78,5.08,4.69,8.04,-0.284,2.06,1.86,1.76,0.214,1.82,3.23,4.13,8.93,-0.335,2.6,0.159,1.95,5.16,7.65,4.35,3.07,9.96,3.71,3.35,1.14,9.19,6.26,26.1,5.62,1.31,7.8,3.86,3.18,2.18,5.13,3.32,4.98,3.49,4.84,3.49,4.95,1.7,1.59,4.22,0.382,0.201,5.64,2.27,4.43,4.51,2.54,2.77,5.95,4.12,1.01,4.3,2.84,1.54,0.537,6.65,6.34,1.46,0.351,3.6,1.48,1.95,3.31,5.39,7.57,-0.1,2.39,4.68,0.288,1.45,3.69,5.5,5.41,3.84,1.71,2.39,0.415,2.75,0.867,5.95,1.94,4.44,2.09,5.96,1.74,4.16,0.82,2.05,3.05,6.39,5.83,0.885,1.86,0.796,1.9,5.36,4.96,4.2,6.34,4.61,0.745,5.12,8.01,0.968,3.12,3.26,2.8,1.55,3.69,4.08,4.13,8.94,2.32,3.26,1.38,6.87,1.24,0.484,3.37,4.45,5.86,1.73,0.687,9.51,4.42,2.95,,3.04,4.29,4.12,3.4,5.22,1.55,1.88,10.5,2.3,1.3,4.7,0.654,3.4,3.2,8.36,3.76,,1.19,3.77,4.81,2.02,2.12,6.62,4.75,2.9,4.49,2.98,1.38,1.94,-0.901,2.37,2.36,4.55,0.266,5,0.136,0.532,4.25,2.29,5.98,2.95,2.98,4.73,1.51,1.93,3.91,5.44,1.97,4.08,6.89,1.48,7.23,0.171,1.19,1.1,2.59,5.06,3.49,2.6,5.91,3.52,5.98
1982,1.11,2.88,5.09,4.94,8.1,-0.613,2.1,1.75,1.63,-0.333,1.82,3.22,3.36,5.26,-0.391,2.54,0.0795,2.24,5.18,7.44,4.3,1.9,14,3.66,3.21,1.09,9.24,6.3,4.73,5.62,1.42,7.91,3.98,3.29,2.08,5.3,3.3,4.77,3.41,4.82,3.5,4.88,1.31,1.23,3.85,0.0997,0.0575,3.96,3.28,3.48,4.45,2.58,2.65,7.67,4.09,1.02,4.67,3.01,1.72,0.589,4.92,6.47,1.49,0.0664,4,0.894,2.89,3.31,5.82,8.02,-0.362,2.45,4.65,0.222,1.64,3.3,5.72,5.52,3.74,1.23,2.27,0.147,2.81,0.823,6.21,1.96,4.45,2.07,5.4,1.84,4.51,0.879,2.21,2.99,6.48,5.72,0.314,1.96,0.153,1.48,5.35,4.78,4.13,6.49,4.68,2.15,5.74,7.91,0.706,3.03,3.13,2.83,1.68,3.64,4.14,4.12,9.02,2.3,3.12,1.63,6.02,1.08,1.04,3.29,4.45,5.72,1.81,0.552,9.34,4.19,3.8,,3,4.2,4.16,3.06,5.18,1.55,1.8,11.3,1.96,1.25,4.62,0.652,3.09,4.62,8.41,3.88,,0.555,3.72,4.39,1.66,0.528,6.55,2.63,2.92,4.34,3.07,0.922,1.4,-0.863,2.32,2.29,4.53,0.31,4.92,0.0572,0.504,4.07,2.3,5.99,2.86,4.63,5.07,1.27,1.98,4,6.2,1.92,4.38,6.91,1.29,5.67,-0.0982,1.16,1.08,2.54,4.91,3.36,2.64,5.97,3.29,6.13
1983,0.572,2.89,5.06,5.04,8.02,-0.893,2.09,1.71,1.22,-0.568,1.83,3.16,2.93,5.23,-0.428,2.49,0.0966,2.42,5.2,7.37,4.23,1.88,14.3,3.59,3.1,1.04,9.27,6.32,5.78,5.61,1.21,7.87,3.98,3.41,1.71,4.47,3.26,4.62,3.38,4.77,3.49,4.78,1.24,1.15,1.7,0.0491,0.061,2.95,2.88,2.73,4.22,2.62,2.55,8.22,4.09,0.987,4.94,2.94,1.72,0.633,4.89,6.72,1.52,-0.268,4.2,0.859,3.21,3.31,5.08,8.28,-0.592,5.99,4.62,0.13,1.62,3.29,5.63,5.56,3.61,0.997,2.18,0.00639,2.12,0.825,6.32,1.98,4.42,2.14,5.13,1.95,4.75,1,2.22,2.89,6.15,5.53,0.146,2.04,0.0961,1.32,5.33,5.02,4.13,6.55,4.66,1.42,5.88,7.79,0.403,2.94,3.05,2.83,1.69,3.63,4.06,4.06,8.66,2.41,3.28,1.76,6.01,0.996,1.41,3.2,4.45,5.62,1.85,0.516,9,4.2,4.26,,2.95,4.18,4.59,3,5.13,1.57,1.64,11.1,1.82,1.21,4.67,0.621,2.86,4.62,8.24,3.97,,-0.151,3.74,1.3,1.61,0.953,6.47,1.31,2.89,4.16,5.57,0.805,1.35,-0.87,2.32,2.23,5.99,0.461,5,0.0453,0.348,4.01,2.35,5.96,2.8,5.67,5.26,1.13,1.95,4.02,6.04,1.9,4.31,6.93,1.31,4.93,-0.0296,1.12,1.06,2.51,4.82,3.28,2.66,5.99,3.24,6.58
1984,0.622,2.87,5,5,7.8,-1.05,2.08,1.75,1.1,-0.417,1.92,3.05,2.92,5.22,-0.433,2.44,0.101,2.47,5.21,7.53,4.16,1.87,13.9,3.49,3.06,1.01,9.26,6.42,6.04,5.6,1.17,7.7,3.83,3.59,1.74,4.32,3.2,4.6,3.42,4.71,3.53,4.66,1.17,1.23,1.19,0.0231,0.0771,3.34,2.61,2.69,4.05,2.68,2.49,10.3,4.49,0.952,5.08,2.56,1.62,0.66,4.87,7.23,1.49,-0.565,4.58,0.773,2.68,3.28,3.77,8.28,-0.781,6.62,4.59,0.0791,1.35,3.26,5.54,5.52,3.48,0.905,1.43,-0.00756,1.96,0.778,6.26,2,4.39,2.36,5.18,1.88,4.9,1.04,2.03,2.75,6.84,5.25,0.125,2.04,0.172,1.2,5.3,5.77,4.22,6.5,4.52,0.031,5.95,7.66,1.79,2.87,2.87,2.8,1.47,3.69,3.81,3.98,8.14,2.84,3.71,1.9,5.98,1.01,0.914,3.1,4.44,5.59,1.84,0.466,8.52,4.18,4.22,,2.92,4.13,4.57,2.96,5.09,1.53,1.55,9.99,1.77,1.36,4.98,0.567,2.61,4.53,7.83,4.02,,0.563,3.89,1.89,1.56,0.837,6.36,1.06,2.81,3.81,9,0.731,1.34,-0.951,2.41,2.19,8.04,0.759,5.29,0.0909,0.278,3.94,2.43,5.94,2.77,5.83,5.2,1.1,1.83,4.05,5.85,1.91,4.09,7.03,1.31,4.81,0.0958,1.07,1.05,2.49,4.78,3.25,2.66,5.99,3.15,6.58
1985,1.17,2.82,4.89,4.88,7.46,-1.11,2.04,1.83,1.33,-0.364,2.02,2.91,3.19,5.21,-0.411,2.34,0.129,2.42,5.22,7.74,4.08,1.82,13.4,3.37,3.07,0.762,9.2,6.49,5.74,5.57,1.14,7.39,3.58,3.76,1.78,4.34,3.13,4.65,4.04,4.12,4.62,4.53,1.16,1.36,1.51,0.0284,0.169,4.99,2.42,2.64,4.02,2.73,2.45,9.07,6.62,0.963,5.14,1.99,1.47,0.676,4.83,7.44,1.5,-0.542,5.35,0.66,1.63,3.23,3.86,8.09,-0.921,6.51,4.54,0.0951,1.07,3.22,5.41,5.42,3.34,0.445,1.89,-0.00102,1.7,0.754,6.1,1.43,4.32,2.72,5.26,1.74,4.99,1.06,1.71,2.58,7.72,3.53,0.104,2.04,0.263,1.12,5.26,6.78,4.35,5.72,4.31,1.77,5.98,7.5,1.56,2.81,2.64,2.7,1.13,3.75,3.43,3.85,7.52,2.74,4.25,2.08,5.93,1.07,0.666,2.99,4.42,5.58,1.79,0.482,7.95,4.13,3.84,,2.88,4.07,4.53,2.93,5.03,1.42,1.43,8.48,1.89,1.37,5.34,0.47,2.48,4.57,7.27,4.02,,0.78,4.06,0.137,1.54,0.813,6.24,1.59,2.94,3.44,8.53,0.674,1.34,-1.02,2.56,2.15,7.87,1.15,5.67,0.165,0.362,3.83,2.51,5.88,2.75,5.43,5.02,1.13,1.66,4.23,5.62,1.95,4.17,7.14,1.22,5.08,0.163,1.09,1.04,2.48,4.78,3.22,2.64,5.98,3.04,6.43
1986,1.81,2.69,4.79,4.38,7.11,-1.17,2.01,1.98,1.6,-0.354,2.04,2.75,3.53,5.2,-0.388,2.32,0.133,2.38,5.22,8.12,4,1.86,12.9,3.26,3.06,0.605,6.55,6.61,5.35,5.55,1.2,8.91,3.3,3.96,1.81,4.44,2.89,4.72,4.1,3.6,4.54,4.39,1.15,1.54,1.88,0.0109,0.261,6.81,2.24,2.6,3.99,2.79,2.42,7.72,6.7,1.04,5.14,1.36,1.32,0.693,4.8,7.68,1.51,-0.0836,5.1,0.601,0.388,3.19,3.85,7.89,-1.08,6.4,4.5,0.104,1.01,3.18,5.29,5.34,3.2,0.315,1.67,-0.0245,1.4,0.77,5.85,1.47,4.26,3.19,5.45,1.76,5.09,1.14,1.32,3.16,6.34,3.14,0.187,2.12,0.518,1.06,5.23,7.89,4.5,3.79,4.08,1.76,5.99,7.37,1.5,2.75,2.35,2.62,0.712,3.86,3.02,3.73,6.8,2.65,4.83,2.18,5.87,1.15,0.103,2.88,4.41,5.6,1.73,0.539,7.32,4.08,3.28,,2.85,4.01,4.47,2.9,4.98,1.29,1.24,7.32,1.89,1.3,5.97,0.35,2.35,4.61,6.74,4.01,,0.592,3.95,-0.0945,1.47,1.57,6.12,2.34,3.3,3.74,8.17,0.61,1.34,-1.12,2.73,2.12,7.68,1.56,6.08,0.233,0.44,3.72,2.61,5.83,2.76,4.89,4.84,1.23,1.46,4.06,4.79,1.97,4.68,7.26,1.24,5.45,0.168,1.13,1.05,2.46,4.78,3.2,2.61,6.17,2.93,6.28
1987,2.49,2.76,4.62,3.93,6.82,-1.18,1.97,2.05,1.49,-0.356,2.05,2.62,3.74,5.18,-0.364,2.27,0.181,2.37,5.21,8.32,3.93,1.83,12.4,3.14,3.06,0.68,4.46,6.65,5.14,5.29,1.34,8.5,3.08,4.12,1.84,4.53,2.76,4.75,4.15,3.55,4.46,4.26,1.08,1.68,2.18,0.0107,0.253,7.89,2.06,2.56,3.94,2.61,2.38,6.71,6.7,1.07,5.16,2.11,1.22,0.712,4.76,7.8,1.44,0.455,4.91,0.604,-0.615,3.15,3.89,7.72,-1.21,6.29,4.46,0.106,1.36,3.14,5.18,4.94,3.09,0.233,1.74,-0.0197,1.16,0.657,5.67,1.47,4.19,3.48,5.66,1.77,5.13,1.26,1.03,5.72,5.15,2.91,0.208,2.17,0.716,0.982,5.2,8.58,4.6,3.69,3.79,0.823,5.94,7.23,1.48,2.69,2.08,2.56,0.45,3.89,2.66,3.61,6.21,2.57,5.25,2.38,5.84,1.22,1.15,2.77,4.42,5.59,1.68,0.65,6.76,4.02,2.32,,2.81,3.96,4.42,2.86,4.92,1.17,1.11,6.68,1.81,1.27,6.31,0.261,2.2,4.62,5.55,4.01,,4.22,3.79,1.5,1.4,1.53,4.95,2.91,3.19,3.77,7.82,0.566,1.34,-1.2,2.86,2.08,7.51,1.9,6.35,0.334,0.547,3.62,2.66,5.78,2.75,4.55,4.7,0.753,1.29,3.9,4.36,1.98,4.32,7.33,1.26,5.66,0.149,1.09,1.04,2.44,4.77,3.16,2.57,6.5,2.83,6.13
1988,3.64,2.64,4.35,3.85,6.66,-0.939,1.94,1.82,1.6,-0.281,2.04,2.53,3.78,5.13,-0.357,1.84,0.41,2.27,5.25,8.03,3.87,1.52,12,3.04,3.06,0.64,4.47,6.6,5.06,4.58,1.32,8.23,2.98,4.23,1.85,4.51,2.7,4.76,4.3,3.52,4.4,4.29,1.06,1.74,2.43,0.0384,0.174,7.87,1.98,2.53,3.9,2.45,2.37,6.05,6.41,0.912,5.2,2.07,1.2,0.715,4.92,7.71,1.6,0.614,4.78,0.631,-1.19,3.13,4.2,7.58,-1.2,6.2,4.38,0.12,1.83,3.11,5.07,4.58,2.27,-0.207,1.77,0.0184,1.01,0.59,5.71,1.33,4.12,3.54,4.84,1.63,5.15,1.26,1.03,5.62,4.19,2.73,0.249,2.17,0.795,0.901,5.2,8.89,4.63,3.58,3.24,0.953,5.61,5.99,1.42,2.66,1.94,2.42,0.216,3.77,2.41,3.51,6.08,2.46,5.41,2.32,5.86,1.23,0.563,2.71,4.34,5.56,1.67,0.718,6.47,3.94,2.25,,2.79,3.92,4.35,2.82,4.85,1.02,1.02,5.63,1.86,1.22,5.71,0.252,1.09,4.64,5.15,3.95,,0.343,3.6,2.54,1.37,0.594,4.2,3.26,3.13,3.61,7.31,0.516,1.31,-1.1,2.89,2.01,7.46,2.11,6.33,0.46,0.653,3.53,2.56,5.78,2.68,4.43,4.53,0.444,1.15,3.78,4.22,2.02,4.17,7.37,1.3,5.74,0.158,1.11,1.03,2.42,4.82,3.11,2.54,6.59,2.73,5.92
1989,2.46,3.44,4.22,3.75,6.65,-0.415,1.9,0.88,1.66,0.026,1.58,2.51,3.58,5.03,-0.353,1.39,0.455,2.05,5.33,7.16,3.82,0.826,11.5,2.95,3.07,-0.649,4.48,6.42,5.16,4.51,1.81,8.13,2.67,4.25,1.83,4.4,2.64,4.75,4.52,3.5,4.37,4.52,0.901,1.69,2.59,0.0174,0.185,6.65,2.03,2.5,3.85,2.34,2.37,5.82,5.76,0.433,5.27,2.11,1.24,0.698,4.81,7.34,0.388,0.742,4.73,0.787,-1.07,3.12,4.83,7.48,-0.98,6.08,4.13,-0.818,1.49,3.07,4.96,4.12,2.04,-0.174,1.81,0.045,1.01,0.571,6,1.69,4.04,3.36,2.82,1.67,5.12,0.636,0.74,5.63,3.52,2.61,0.289,1.33,1.04,0.799,5.19,7.95,4.55,3.45,3.4,1.1,4.66,2.41,1.49,2.65,1.97,1.36,0.263,2.91,2.34,3.43,6.54,2.34,5.25,2.25,5.93,1.17,0.762,2.69,3.51,5.51,1.69,0.593,6.48,3.84,2.34,,2.76,3.9,4.27,2.76,4.76,0.659,0.966,4.62,1.82,0.883,3.97,0.359,1.16,4.64,4.76,3.42,,0.604,3,2.94,1.31,0.379,4.18,3.02,3.16,3.46,6.55,0.458,1.26,-0.842,2.79,1.9,7.53,2.16,5.95,0.667,0.727,3.46,1.76,4.96,2.52,4.65,4.33,0.41,1.06,3.69,4.08,2.25,4.06,7.33,0.967,5.69,0.196,1.14,1.04,2.94,4.8,3.04,2.89,6.84,2.65,5.66
1990,4.35,2.54,4.08,3.69,6.75,0.335,1.86,-0.35,1.44,0.332,-0.122,2.46,3.26,4.93,-0.404,0.789,0.386,1.8,5.45,5.95,3.79,-0.109,11,2.86,3.07,-1.29,4.5,6.17,5.4,4.43,1.52,8.09,2.53,4.23,1.8,4.31,2.59,4.73,4.79,3.49,4.36,4.5,0.961,1.56,2.68,-0.306,0.24,4.87,2.17,2.47,3.8,2.17,2.38,5.91,4.93,-0.192,5.37,2.41,1.3,0.709,4.7,6.84,-0.46,1.06,4.73,1.32,-0.456,3.12,5.6,7.42,-0.62,5.99,4.11,-0.991,1.03,3.03,4.88,3.57,2.22,0.304,3.21,0.0537,1.1,0.504,6.41,0.443,4.93,3.01,0.142,1.17,5.08,-0.0705,1.41,5.71,3.2,2.53,0.391,0.281,1.32,0.69,5.23,6.48,4.41,3.14,3.69,1.11,3.71,2.39,1.43,2.61,2.1,0.206,0.432,1.92,2.39,3.37,7.43,2.21,4.9,2.22,6.06,1.26,1.2,2.7,3.61,5.44,1.74,0.522,6.66,3.73,2.72,,2.86,3.88,4.18,2.7,4.29,0.466,0.882,3.69,1.52,0.38,1.65,0.534,1.27,4.65,4.42,3.41,0.885,0.53,2.17,3.89,1.26,0.411,4.2,2.52,3.23,3.31,5.73,0.401,1.19,-0.41,2.61,1.77,7.68,2.09,5.38,0.773,0.946,3.41,0.774,4.89,2.28,5.05,4.15,0.38,1.02,3.65,3.97,2.51,3.93,7.24,0.288,5.58,0.235,1.41,1.06,3.76,4.13,2.95,3.98,7.17,2.57,5.37
1991,6.32,0.141,3.95,3.7,6.88,1.02,1.8,-1.34,1.24,0.567,0.978,2.13,2.97,4.59,-0.634,0.643,0.459,1.48,5.56,4.61,3.75,-1.24,10.5,2.78,3.07,-0.48,4.51,5.2,5.61,4.35,1.41,4.4,2.73,4.21,1.76,4.6,2.54,4.71,5.09,3.49,4.35,4.48,-5.19,1.19,2.75,-0.323,0.293,2.95,2.08,2.45,3.47,2,2.4,6.02,4.01,-0.762,5.47,2.77,1.14,0.313,4.58,6.33,0.268,0.935,4.75,1.44,0.403,3.13,6.38,7.36,-0.173,5.89,4.09,-0.196,1.36,2.94,5.05,2.97,2.41,0.828,6.13,0.0393,1.23,0.483,6.85,0.463,5.01,2.57,-3.08,0.873,5.03,-0.544,2.24,5.82,2.77,2.47,0.615,0.0813,1.57,0.62,5.24,4.91,4.24,2.64,4.01,2.82,2.98,2.36,0.799,2.54,2.27,0.0171,0.626,1.45,2.44,3.31,4.5,2.07,4.49,2.09,6.23,1.72,5.09,2.72,3.72,4.2,1.8,0.905,6.94,3.61,3.07,5.23,3.66,1.32,4.09,2.65,2.31,0.428,0.919,2.83,0.462,0.217,-1.2,0.739,1.42,4.68,4.09,3.41,0.845,1.41,1.28,2.85,0.588,0.315,4.22,1.96,3.3,2.51,4.74,0.489,1.12,0.0495,2.17,1.58,7.85,2,4.76,0.807,1.17,3.35,0.379,5.01,1.76,5.05,3.93,0.328,0.993,3.61,2.99,2.63,3.75,6.75,0.267,5.55,0.273,1.87,1.08,3.26,4.29,2.79,3.94,7.52,1.55,5.07
1992,7.74,0.878,3.81,3.62,6.96,0.576,1.62,-2.2,1.08,0.666,0.935,2.19,2.66,4,-0.638,0.804,0.49,1.21,5.11,3.49,3.66,-2.3,5.23,2.69,3.58,-0.567,4.52,4.91,5.7,4.28,1.58,4.62,2.88,4.19,1.78,4.43,2.49,3.17,5.31,3.49,4.32,4.43,-0.442,0.857,2.82,-0.0682,0.362,1.41,0.317,2.42,3.24,1.85,2.41,6.05,3.25,-2.09,5.52,3.04,0.918,0.729,4.48,5.91,0.336,0.884,4.74,0.934,1.48,3.13,6.87,5.13,0.213,5.8,4.06,-0.231,1.45,2.8,5.08,2.91,2.57,1.07,3.57,0.122,1.37,0.425,7.07,-0.233,4.93,2.24,,0.385,4.95,-1.88,2.9,5.88,-7.12,2.39,0.834,-0.196,1.82,0.673,5.26,3.68,4.99,2.52,4.28,1.16,2.36,2.34,1.03,2.54,2.35,-0.148,0.804,1.07,2.35,3.25,5.38,1.94,4.7,2.1,7,2.04,1.22,2.73,3.8,4.17,1.83,1.13,7.02,3.5,3.2,5.22,3.62,1.24,4,2.59,2.25,0.378,1.28,2.14,-0.354,0.0383,8.46,1.18,1.48,4.29,3.79,3.4,1.11,0.571,0.563,3,-0.075,-0.0953,4.23,1.6,3.29,2.16,3.92,0.598,1.05,0.29,0.565,1.02,7.94,1.91,4.25,0.775,1.03,3.28,0.0483,5.07,1.58,5.11,3.76,0.313,0.951,3.54,2.54,2.69,2.42,6.23,0.346,5.57,0.347,1.91,1.09,3.47,4.42,2.68,3.88,7.72,1.32,4.8
1993,8.08,0.856,3.65,3.25,6.91,1.11,1.58,-2.75,0.828,0.386,0.938,2.15,2.47,3.91,-0.642,0.806,0.473,1.23,4.36,2.92,2.9,-2.86,4.43,2.62,3.58,-0.39,4.53,4.69,5.69,4.2,1.44,4.73,2.94,4.01,1.93,4.3,2.42,2.74,5.29,3.49,4.27,4.36,4.18,0.768,2.53,-0.0681,0.365,0.618,0.472,2.38,3.18,1.74,3.52,6.09,2.86,-2.84,5.5,3.18,0.834,0.663,4.36,5.48,0.33,0.844,4.69,0.757,1.85,3.12,6.82,3.48,0.41,3.82,4.02,-0.306,1.21,2.76,4.97,2.74,2.69,0.881,2.77,0.151,1.43,0.422,6.86,-0.826,4.85,2.06,,-0.74,4.84,-2.05,3.16,5.85,-6.74,2.29,0.907,-0.563,1.75,0.66,5.28,3.01,4.97,2.37,4.43,1.12,1.86,2.37,0.903,2.51,2.2,-0.337,0.917,0.793,2.34,3.16,5.84,1.87,4.71,1.8,6.99,1.94,1.32,2.69,3.89,4.14,1.81,1.14,6.66,3.41,3.3,5.2,3.57,1.25,3.74,2.51,2.21,0.328,1.45,1.68,-0.419,-0.119,8.92,1.4,2.06,4.22,3.16,3.33,1.13,2.23,0.138,2.53,0.276,-0.187,4.23,1.57,3.27,2.1,2.71,0.627,0.973,0.612,0.46,0.921,7.01,1.82,3.93,0.767,0.839,3.24,-0.192,5.04,1.48,4.95,3.71,0.294,0.893,3.42,2.49,2.62,1.45,6.15,0.114,5.44,0.316,1.83,1.08,3.38,4.39,2.61,3.79,7.65,1.3,3.5
1994,7.31,0.844,3.47,2.52,6.74,1.43,1.54,-2.8,0.907,-0.057,0.765,2,2.46,3.88,-0.643,0.456,0.389,1.58,4.28,3.19,2.89,-2.7,4.28,2.57,3.49,-0.003,4.54,4.48,5.56,4.12,1.3,4.68,2.9,3.4,1.88,4.25,2.36,2.7,5.02,3.5,4.21,4.25,0.658,0.724,2.4,-0.136,0.369,0.686,0.364,3.11,3.12,1.66,3.76,6.16,3.02,-2.4,5.39,3.16,0.777,0.601,3.85,4.89,-1.46,0.636,4.6,0.668,1.82,3.09,6.19,3.35,0.339,3.78,3.99,-0.33,1.06,2.74,4.87,2.7,2.76,0.774,2.7,0.11,1.45,0.514,6.18,-1.62,4.76,2.04,,-0.81,4.68,-1.53,2.91,5.71,-5.37,2.15,0.959,-0.782,2.12,0.727,4.16,3.16,4.9,2.19,4.48,1.06,1.55,2.45,1.12,2.44,1.76,-0.473,0.954,0.682,2.23,3.05,5.78,1.87,4.65,1.41,6.9,1.81,1.51,2.62,3.96,4.11,1.65,1.1,4.52,3.36,3.32,5.19,3.54,1.26,3.64,2.47,2.17,0.284,1.59,1.53,-0.427,-0.131,10.1,1.36,1.94,4.12,2.81,3.22,0.894,2.85,0.144,3.14,0.286,-0.0623,4.23,2,3.15,2.05,-0.3,0.584,0.856,0.692,0.469,0.87,3.7,1.73,3.86,0.896,0.724,3.22,-0.335,4.9,1.49,4.24,3.82,0.339,0.808,3.11,2.47,2.38,1.31,6.09,-0.439,5.16,0.333,1.73,1.07,3.07,4.2,2.54,3.66,7.27,1.34,3.19
1995,5.99,0.824,3.29,1.61,5.73,1.52,1.49,-2.46,1.06,-0.291,0.562,1.8,2.53,3.85,-0.645,0.245,0.289,2.13,4.14,4.1,2.88,-1.93,4.1,2.52,3.37,-0.113,4.55,4.3,5.36,4.04,1.16,4.53,2.79,3.47,1.83,4.16,2.29,2.64,4.6,3.52,4.14,4.11,0.851,0.712,2.34,-0.234,0.553,1.34,0.128,3.26,3.05,1.62,3.59,7.77,3.58,-2.05,4.79,3.01,0.722,0.587,3.74,4.87,-3.1,0.581,4.49,0.635,1.56,3.06,5.24,3.17,0.083,3.74,3.95,-0.332,0.728,2.71,4.76,2.85,2.8,0.89,2.78,0.0913,1.44,0.555,4.55,-1.71,4.68,2.16,,0.22,5.39,-1.65,2.34,5.49,-3.4,1.98,1.03,-0.859,1.9,-0.269,4.09,3.86,4.85,2.45,4.43,0.819,1.36,2.54,0.576,2.34,-0.518,-0.632,0.864,0.685,2.04,2.29,5.38,1.91,4.66,1.13,6.73,1.66,1.64,2.47,4.02,4.1,1.44,0.973,2.54,3.32,3.13,5.18,3.5,1.28,3.57,2.37,2.13,0.207,1.65,1.65,-0.486,0.0213,13.4,1.23,1.85,3.97,2.6,3.08,-0.99,1.69,0.485,3.04,0.185,0.0729,4.21,2.73,2.98,2.02,1.29,0.55,0.737,0.659,0.536,0.824,3.35,1.63,3.94,0.707,0.595,3.48,-0.383,4.69,1.56,3.21,4.03,0.392,0.707,2.39,2.45,2.36,1.36,6.03,-0.732,4.84,0.341,1.69,1.05,2.9,3.9,2.49,3.49,6.46,1.42,3.07
1996,4.56,0.812,3.12,0.542,5.49,1.59,1.44,-1.96,1.16,-0.314,0.414,1.56,2.62,3.83,-0.636,0.227,0.272,2.74,3.99,5.23,2.87,-0.898,3.92,2.49,3.24,-0.184,4.57,4.07,5.15,3.96,1.43,4.35,2.66,3.53,1.77,4.09,2.23,2.59,4.15,3.56,4.06,3.99,-3.38,0.703,2.27,-0.291,0.598,2.15,-0.18,3.17,2.98,1.58,3.42,7.81,4.25,-1.74,4.46,2.86,0.649,0.581,3.67,4.86,-2.97,0.575,4.37,0.607,1.24,3.03,4.26,2.98,-0.231,3.7,3.9,-0.365,0.722,2.68,4.65,3.05,2.83,1.18,2.7,0.118,1.44,0.418,3.11,-1.48,4.6,4.15,1.53,0.698,6.95,-1.27,1.61,5.03,-1.22,1.82,0.412,-0.85,1.28,-0.0363,4.13,4.73,4.82,3.48,4.36,0.915,1.25,2.65,0.738,2.14,-1.67,-0.403,0.895,0.724,1.83,2.05,4.92,1.96,4.72,0.6,6.54,1.6,1.75,2.18,4.07,4.09,1.28,0.879,1.43,3.3,2.33,5.17,3.47,1.3,3.51,2.26,2.1,0.149,1.66,2.08,-0.573,-0.152,17.6,1.08,1.7,3.81,2.39,2.93,0.334,1.72,0.865,4.06,0.104,-0.00923,4.2,3.54,2.79,1.49,3.16,0.525,0.596,0.552,0.627,0.786,2.96,1.52,4.1,0.266,0.368,3.55,-0.423,4.47,1.67,2,4.27,0.45,0.601,2.19,2.44,2.37,1.22,5.96,-0.829,5.09,0.331,1.65,1.04,3,3.57,2.43,3.32,5.68,1.51,2.99
1997,3.5,0.788,2.95,-0.313,5.3,1.65,1.39,-1.54,0.964,-0.336,0.369,1.38,2.77,3.79,-0.634,0.129,0.317,3.19,3.87,6.12,2.85,0.0137,3.76,2.53,3.11,-0.28,5.78,3.91,4.94,3.88,1.55,4.19,2.56,3.57,1.72,4.01,2.16,2.54,3.8,3.67,3.97,3.86,2.16,0.74,2.19,-0.284,0.447,2.71,-0.419,3.08,2.91,1.8,3.25,7.83,4.79,-1.41,4.31,2.03,0.596,0.577,3.61,4.83,-2.3,0.428,4.27,0.658,1.03,2.99,3.44,2.83,-0.484,3.59,3.86,-0.397,0.996,2.66,4.54,3.06,2.86,1.42,2.57,0.142,1.44,0.401,2.44,-1.54,4.53,5.19,5.2,0.676,6.73,-1.07,1.08,3.97,8.15,1.69,-0.216,-0.826,1.2,0.158,4.16,5.36,4.75,3.31,4.33,1.1,1.05,2.74,0.967,2,-2.27,-1.25,0.913,0.741,1.65,1.95,4.6,1.99,4.69,0.279,6.37,1.61,1.41,2.08,4.12,4.07,1.13,1.1,0.556,3.26,2.07,5.16,3.43,1.32,3.43,2.16,2.06,0.139,1.71,2.65,-0.574,-0.171,15.6,0.944,1.53,3.67,2.24,2.81,0.149,1.46,1.22,3.36,0.0783,-0.0831,4.18,4.19,2.63,1.25,4.69,0.526,0.485,0.528,0.688,0.752,2.65,1.42,3.81,0.0906,0.167,3.55,-0.457,4.29,1.74,1.04,4.45,0.497,0.513,2.01,2.42,2.06,1.14,5.9,-0.853,5.46,0.333,1.68,1.05,2.96,3.31,2.37,3.17,5.23,1.59,2.89
1998,3,0.775,2.82,-0.56,5.23,1.57,1.35,-1.21,0.885,-0.345,0.346,1.33,3.1,3.75,-0.642,0.0718,0.288,3.38,3.79,6.77,2.83,0.701,3.59,2.48,3,-0.341,6.73,3.95,4.26,3.84,1.35,4.05,2.47,3.64,1.66,3.91,2.11,2.48,3.62,3.67,3.85,3.7,-1.13,0.771,2.12,-0.271,0.395,2.99,-0.523,3.01,2.84,1.95,3.09,7.82,5.3,-1.23,4.22,1.77,0.561,0.59,3.56,4.84,-1.43,0.296,4.22,0.72,0.884,2.99,2.86,2.76,-0.641,3.54,3.81,-0.428,1.25,2.63,4.46,3.06,3.09,1.46,2.36,0.118,1.41,0.433,1.98,-1.69,4.48,5.2,7,0.746,6.54,-1.16,1.05,3.82,8.64,1.62,-0.236,-0.814,1.38,0.271,4.16,5.75,4.65,3.26,4.53,0.978,0.932,2.77,0.768,1.92,-2.68,-0.924,0.867,0.769,1.55,1.87,3.3,2,4.54,-0.109,6.22,1.68,0.98,1.99,4.15,4.06,1.03,1.33,0.0654,3.15,1.85,3.03,3.4,1.33,3.36,2.07,2.02,0.107,1.75,3.16,-0.492,-0.171,14,0.871,1.47,3.63,2.21,2.74,0.0498,2.28,1.8,3.4,0.0259,-0.167,4.15,4.57,2.49,1.03,5.58,0.52,0.422,0.505,0.679,0.738,2.47,1.33,1.6,0.0889,0.224,3.48,-0.448,4.2,1.76,0.697,4.52,0.544,0.477,1.85,2.4,1.83,1.22,5.9,-0.837,5.55,0.368,1.64,0.976,2.68,3.21,2.32,3.03,4.93,1.61,2.79
1999,3.24,0.756,2.78,0.0738,5.29,1.33,1.33,-1.06,0.985,-0.262,0.696,1.46,3.65,3.69,-0.661,0.183,0.3,3.26,3.79,7.01,2.79,0.979,3.43,2.4,2.9,-0.235,6.72,4.08,3.06,3.84,1.31,3.92,2.39,3.73,1.61,3.77,2.07,2.42,3.67,3.64,3.68,3.52,1.6,0.726,2.07,-0.279,0.361,2.88,-0.418,2.95,2.76,1.94,1.76,7.75,5.68,0.0216,4.17,1.6,0.524,0.775,3.52,4.87,-1.23,0.342,4.21,0.548,0.827,3,2.65,2.78,-0.662,3.49,3.76,-0.479,1.37,2.59,4.38,2.96,3.13,1.55,2.62,0.106,1.36,0.342,1.77,-0.883,4.44,5.15,6.53,0.91,6.38,-1.15,1.5,3.71,7.73,1.62,-0.355,-0.799,2.02,0.258,4.15,4.08,4.5,3.35,5.25,0.911,0.799,2.75,0.984,1.83,-2.85,-1.05,0.875,0.788,1.53,1.82,3.2,1.95,4.22,-0.0597,6.09,1.7,0.619,1.9,4.16,4.06,0.993,1.4,0.107,2.96,1.55,2.87,3.34,1.31,3.27,2,1.99,0.0647,1.8,3.62,-0.444,-0.316,13.3,0.858,1.47,3.68,2.34,2.74,0.0633,2.32,2.6,0.799,-0.00625,0.125,4.12,4.6,2.39,1.01,5.67,0.512,0.447,0.57,0.587,0.772,2.45,1.28,1.32,0.111,0.403,3.33,-0.389,4.2,1.71,1.25,4.46,0.595,0.504,1.71,2.36,1.68,1.32,5.95,-0.885,5.69,0.409,1.61,0.84,2.14,3.27,2.28,3.08,4.8,1.58,2.66
2000,3.91,0.742,2.7,1.28,5.44,0.996,1.32,-1.06,1.03,-0.22,1.21,1.68,4.31,3.62,-0.613,0.233,0.308,3,3.82,6.96,2.75,0.948,3.27,2.31,2.81,-0.171,6.72,4.5,2.86,3.86,1.36,3.8,2.33,3.82,1.57,3.65,2.04,2.37,3.86,3.6,3.5,3.31,-2.42,0.677,2.02,-0.459,0.351,2.53,-0.193,2.91,2.67,1.96,1.67,7.66,5.96,0.232,4.17,1.41,0.496,1.02,3.49,4.91,-1.23,0.412,4.18,0.573,0.872,3.03,2.66,2.87,-0.568,3.43,3.71,-0.456,1.51,2.55,4.32,2.77,3.04,1.75,2.71,0.135,1.3,0.328,1.76,-0.17,4.47,5.08,4.81,1.19,6.26,-1.19,2.6,3.62,6.12,1.67,-0.515,-0.793,2.26,0.157,4.11,3.56,4.32,4.21,5.35,0.952,0.927,2.7,0.695,1.78,-2.21,-1.1,0.883,1.79,1.59,1.78,3.32,1.89,3.82,-0.0299,5.96,1.72,0.681,1.82,4.15,4.05,0.995,1.24,0.55,2.88,1.21,2.86,3.18,1.29,3.17,1.94,1.96,-0.973,1.92,4.14,-0.42,-0.426,11.5,0.906,1.53,3.79,2.58,2.79,0.106,1.28,3.49,1.73,-0.244,0.347,4.75,4.4,2.32,1.13,5.28,0.553,0.516,0.654,0.432,0.824,2.55,1.26,0.928,0.194,0.487,3.15,0.671,4.26,2.38,2.43,4.32,0.627,0.493,1.6,2.32,1.6,1.7,6.03,-0.949,5.96,0.434,1.51,0.67,2.43,3.38,2.23,3.43,4.8,1.51,2.52
2001,4.66,0.71,2.62,2.57,5.59,0.535,1.32,-1.05,1.19,-0.0816,1.17,1.8,4.83,4.02,-0.276,0.178,0.403,3.02,3.85,6.88,2.7,0.86,3.1,1.84,2.73,-1.6,6.69,4.97,2.66,3.87,1.43,3.56,2.25,3.92,1.52,4.06,2.01,2.31,4.08,3.54,4.08,3.05,0.716,0.628,1.96,-0.526,0.417,2.15,0.171,2.86,2.59,1.98,1.58,7.54,6.24,-0.819,4.16,1.18,0.453,1.06,3.45,4.97,-1.18,0.441,4.04,0.79,0.843,3.06,2.72,2.97,-0.445,6.2,3.66,-0.0824,1.47,2.64,3.23,2.56,2.95,2,2.43,0.145,1.22,1.93,1.77,-0.04,4.46,2.9,3.73,0.943,6.11,-1.46,3.91,3.54,4.4,1.72,0.0397,-0.924,1.93,0.0359,4.08,3.37,3.7,6.42,5.43,1.05,0.802,4.33,0.53,1.75,-0.25,-1.12,0.863,2.82,2.12,1.76,3.46,1.82,3.4,0.149,5.78,2.09,0.681,1.73,4.08,4.86,1.01,0.976,1.15,2.8,0.842,2.86,2.42,2.38,3.08,1.88,1.94,0.0453,1.88,4.27,-1.68,-0.43,9.59,0.96,1.58,3.92,2.85,2.86,0.25,0.509,4.43,2.7,-0.308,0.209,5.11,4.16,2.26,1.17,4.78,0.8,0.614,0.797,-0.129,0.88,2.68,1.24,0.495,0.322,0.622,2.85,1.78,4.33,4.56,3.83,4.16,0.662,0.0111,1.49,2.41,1.54,1.85,6.1,-0.949,5.8,0.512,1.21,0.475,2.3,3.54,2.19,3.34,4.8,3.32,2.38
2002,5.13,2.18,2.56,3.49,5.7,-0.632,1.31,-0.783,1.37,0.0254,1.13,2.02,5.25,4.54,-0.298,0.0438,0.505,2.76,4.04,6.84,2.59,0.857,2.35,1.74,2.51,-1.65,6.68,5.37,2.48,3.89,0.995,3.44,2.17,3.98,1.43,4.2,1.97,2.26,4.24,3.49,3.85,2.85,0.313,0.585,1.61,-0.285,0.437,1.89,0.689,2.82,2.22,2,1.5,7.45,6.48,-0.816,4.16,0.989,0.406,1.06,3.43,5.01,-0.591,0.439,4.06,0.9,0.229,3.09,2.72,3.07,-0.358,6.04,3.91,0.349,1.03,2.86,3.21,2.4,2.87,2.11,2.08,0.297,1.07,2.28,1.81,0.134,4.45,1.76,1.71,0.915,5.99,-1.31,4.88,3.47,3.14,1.75,0.653,-0.939,1.58,-0.0614,4.04,3.28,3.56,6.53,5.5,1.03,0.696,5.13,0.431,1.67,-0.171,-1.14,0.828,2.82,2.08,1.74,3.53,1.76,4.07,0.278,3.74,2.27,1.81,1.65,3.59,4.85,1.01,1,1.68,2.73,0.521,2.86,2.38,2.39,3,1.83,1.91,-0.00423,1.67,4.75,-1.97,-0.467,8.27,0,1.47,4.42,3.07,2.91,0.328,3.51,5.17,0.913,-0.304,0.275,5.07,4,2.29,1.03,4.47,1.66,0.683,0.963,-3.44,0.947,2.76,1.22,0.165,0.399,0.792,2.6,1.9,4.4,4.41,4.9,4.05,0.702,0.09,1.4,2.44,1.49,2.17,6.17,-0.845,5.81,0.798,1.15,0.308,2.25,3.71,1.86,3.28,4.79,4.04,2.29
2003,5.23,2.06,2.53,3.9,5.76,-0.876,1.3,-0.686,1.38,0.0167,1.15,2.16,5.77,4.44,-0.305,-0.0311,0.475,2.57,4.31,6.75,2.54,0.823,2.2,1.68,2.38,-0.283,6.66,5.66,2.33,3.91,1.1,3.29,2.09,3.98,1.19,4.08,1.94,2.22,4.37,3.53,3.66,2.73,0.314,0.453,1.48,-0.122,0.401,1.71,0.847,3.45,1.97,2.01,1.43,7.39,6.5,-0.812,4.13,0.919,0.402,1.04,3.46,4.95,-0.555,0.324,4.07,0.764,0.253,3.04,2.75,3.15,-0.746,5.89,3.86,0.339,0.829,2.81,3.18,2.28,2.8,2.09,1.87,0.621,0.986,2.09,2.06,0.466,4.44,1.81,1.17,1.04,5.89,-1.04,5.09,3.41,2.49,1.77,0.511,-0.949,1.73,-0.141,4,3.25,3.44,6.59,5.55,0.932,0.653,5.06,0.46,1.64,-0.155,-1.2,0.927,2.84,2.04,1.72,3.58,1.69,3.99,0.258,3.62,2.01,2.04,1.6,3.6,4.83,0.992,1.04,2.13,2.68,0.285,2.86,2.36,2.36,2.45,1.8,1.86,-0.247,1.48,6.62,-0.471,-0.41,2.43,-0.505,1.37,4.53,3.21,3.32,0.204,-0.648,5.44,-1.47,-0.334,0.502,5.01,5.04,2.26,0.957,4.36,2.13,0.733,0.98,-3.56,0.99,2.77,1.2,0.019,0.447,0.777,2.59,1.99,5.28,4.26,5.38,3.97,0.732,0.148,1.36,2.38,1.47,3.1,6.21,-0.598,6.98,0.834,1.08,0.215,2.18,3.83,1.82,3.21,4.77,4.01,0.754
2004,5.12,1.97,2.55,3.6,5.75,-0.983,1.28,-0.726,1.3,0.146,1.26,2.18,6.38,4.29,-0.289,-0.0234,0.488,2.52,4.27,6.59,2.5,0.785,2.21,1.61,2.23,-0.249,6.66,5.81,2.24,3.92,1.1,3.12,2.04,3.9,1.17,3.98,1.89,2.22,4.44,3.65,3.52,2.72,0.288,0.32,1.47,-0.0632,0.499,1.65,0.87,3.64,1.96,1.98,1.39,7.39,6.27,-0.782,4.09,1.01,0.452,1.06,3.53,4.66,-0.579,0.245,4.07,0.767,0.258,2.99,2.8,3.21,-0.889,4.09,3.78,0.398,1.01,2.77,3.15,2.21,2.73,2.29,1.84,0.823,0.956,1.75,2.56,0.824,4.44,1.88,1.77,1.21,5.86,-0.944,4.43,3.39,2.67,1.77,0.411,-1.26,1.93,-0.187,3.97,3.31,3.35,6.57,5.61,0.936,0.641,5.01,0.362,1.69,-0.222,-1.17,1.15,2.86,1.08,1.72,3.59,1.61,3.86,0.198,3.49,1.8,1.56,1.57,3.62,4.82,0.94,0.999,2.91,2.66,1.65,2.85,2.33,2.33,2.27,1.77,1.78,-0.24,1.33,9.95,-0.323,-0.341,1.6,-0.489,1.49,4.5,3.22,3.63,0.185,0.146,5.18,1.25,-0.289,0.506,4.95,5.01,2.18,0.829,4.52,2.04,0.733,0.951,-3.6,0.994,2.68,1.19,0.117,0.467,0.721,2.91,2.05,5.48,4.14,5.1,3.95,0.743,0.163,1.34,2.32,1.5,3.4,6.22,-0.507,9.33,0.934,1.14,0.223,2.16,3.84,1.79,3.18,4.74,4,0.592
2005,4.77,1.83,2.6,2.87,5.69,-0.973,1.26,-0.803,1.46,0.205,1.4,2.11,6.93,4.12,-0.26,-0.0355,0.604,2.53,4.2,6.24,2.46,0.73,2.26,1.55,2.06,-0.254,6.65,5.85,2.19,3.93,1.08,2.94,2.05,3.76,1.15,3.88,1.84,2.28,4.48,3.83,3.42,2.79,0.377,0.276,1.48,0.0446,0.614,1.67,0.805,3.52,1.98,1.94,1.35,7.39,5.87,-0.757,4.03,1.21,0.503,1.07,3.63,4.63,-0.58,0.208,4.06,0.804,0.268,2.95,2.85,3.25,-0.96,3.84,3.69,0.51,1.71,2.73,3.12,2.17,2.67,2.63,1.83,0.666,0.934,1.58,4.65,1.02,4.44,1.99,3.06,1.12,5.1,-0.933,3.3,3.36,3.39,1.74,0.371,-1.64,2.02,-0.154,5.07,3.43,3.27,6.48,5.63,0.892,0.669,4.96,0.329,1.78,-0.358,-0.745,1.43,2.88,0.69,2.09,3.57,1.51,3.81,-0.119,3.35,1.59,1.2,1.58,3.64,4.82,0.864,1.04,3.48,2.65,1.6,2.85,2.31,2.32,2.17,1.75,1.68,-0.226,1.26,13.4,-0.371,-0.32,1.97,-0.481,1.6,4.42,3.15,3.64,0.112,1.01,4.82,2.35,-0.26,0.611,4.87,5.03,2.1,0.635,4.81,2,0.694,0.884,-3.54,0.973,2.54,0.989,0.404,0.472,0.676,3.38,2.09,5.52,4.03,4.22,3.97,0.751,0.153,1.28,2.24,1.59,3.41,6.18,-0.448,11.8,1.05,1.14,0.304,2.16,3.79,1.75,3.15,4.69,4.01,0.726
2006,4.12,1.66,2.65,2.13,4.92,-0.948,1.24,-0.921,1.61,0.0159,1.48,2.03,7.53,3.95,-0.22,0.0242,0.712,2.57,4.14,4.73,2.43,0.664,2.33,1.49,1.88,-0.268,6.65,5.89,2.15,3.94,0.91,2.75,2.1,3.61,1.13,3.67,1.79,2.35,4.52,4.02,3.33,2.88,0.264,0.228,1.51,0.177,0.61,1.7,0.708,3.41,1.99,1.89,1.33,7.39,5.45,-0.776,3.99,1.46,0.543,1.02,3.72,4.59,-0.578,0.149,4.05,0.803,0.284,2.9,2.93,3.29,-1.05,3.8,3.6,0.64,2.48,2.68,3.09,2.14,2.6,3.13,1.84,0.475,0.92,1.38,5.63,1.19,4.44,3.17,4.33,1.07,3.69,-0.966,1.91,3.36,4.2,1.74,0.311,-1.49,2.07,-0.12,5.02,3.54,3.2,5.69,5.67,0.513,0.74,4.92,0.2,1.89,-0.512,-0.35,1.8,2.89,0.664,2.17,3.55,1.41,3.79,-0.426,3.21,1.37,1.29,1.66,3.68,4.81,0.786,1.16,3.6,2.64,1.59,2.85,2.29,2.3,2.06,1.74,1.58,-0.244,1.24,15.8,-0.346,-0.266,2.39,-0.478,1.57,4.33,3.05,3.66,0.0179,2.66,4.34,3.13,-0.268,0.755,4.79,5.07,2.01,0.75,5.11,2,0.661,0.781,-3.48,0.955,2.39,0.968,0.733,0.694,0.663,4.01,2.12,5.58,3.93,3.4,3.99,0.766,0.135,1.36,2.15,1.7,3.14,6.17,-0.412,14,1.09,1.18,0.414,2.21,3.74,1.71,3.13,4.66,4.01,0.873
2007,3.65,1.49,2.7,1.51,4.89,-0.945,1.22,-1.02,0.769,-0.161,1.52,1.97,7.81,3.79,-0.196,0.167,0.787,2.56,4.09,4.53,2.39,0.573,4.26,1.43,1.73,-0.249,5.91,5.92,2.11,3.95,1.2,2.58,2.13,3.5,1.11,3.51,1.73,2.41,4.57,4.16,3.23,2.96,0.218,0.188,1.52,0.488,0.67,1.7,0.65,3.3,2.01,1.76,1.38,7.35,5.08,-0.643,4.05,1.67,0.583,0.934,3.78,4.55,-0.6,0.127,4.03,0.751,0.299,2.87,3.02,3.33,-1.1,3.75,3.52,0.628,2.66,2.65,3.05,2.03,2.55,3.22,1.84,0.679,0.899,1.29,5.99,1.27,4.44,4.03,5.17,0.948,3.73,-0.915,0.875,2.94,4.72,1.74,0.271,-1.08,2,-0.0955,4.97,3.62,3.12,3.78,5.68,0.427,0.796,4.87,0.191,1.97,-0.608,-0.304,2.02,2.91,0.672,2.17,3.53,1.33,3.76,-0.687,3.09,1.29,0.863,1.66,3.7,4.8,0.719,1.4,3.81,2.63,1.54,2.85,2.26,2.27,1.97,1.72,1.49,-0.237,1.24,16.6,-1.23,-0.11,2.61,-0.451,1.5,4.26,2.98,3.68,0.00586,1.12,3.84,4.17,-0.244,0.993,4.72,-4.6,1.95,0.631,5.25,2.16,0.625,0.711,-3.43,0.931,2.28,0.962,1.22,0.929,0.929,4.4,2.15,5.61,3.81,2.81,4,0.836,0.123,1.43,2.08,1.82,3.03,6.14,-0.335,14.7,1.13,1.16,0.502,2.41,3.7,1.68,3.11,4.64,4.02,1.01
2008,3.4,1.44,2.76,1.07,4.87,-0.962,1.21,-1.01,2.15,-0.174,2.48,1.89,7.37,3.68,-0.18,0.271,0.841,2.53,4.05,4.35,2.36,0.437,4.24,1.38,1.65,-0.22,5.34,5.92,2.29,3.95,1.31,2.47,2.05,3.42,1.09,3.43,1.68,2.47,4.6,4.17,3.13,3.04,0.273,0.175,1.45,0.735,0.812,1.72,0.617,3.19,2.01,1.72,1.87,7.26,4.83,-0.455,5.08,1.98,0.623,0.877,3.86,4.52,-0.575,0.0674,3.99,0.755,0.314,2.84,3.08,3.38,-1.08,3.71,3.43,0.596,1.98,2.6,3.02,1.98,2.59,2.37,1.84,0.836,0.878,1.13,6.27,1.35,4.43,4.04,5.78,0.945,3.72,-1.15,0.762,2.98,4.92,1.63,0.251,-0.922,2.23,-0.0627,4.92,3.66,3.06,3.8,5.65,0.727,0.829,4.85,0.0937,2.01,-0.599,-0.263,2.09,2.96,0.708,2.19,4.45,1.29,3.82,-0.551,3.02,1.4,0.779,1.65,3.72,4.79,0.673,1.62,4.3,2.63,1.56,3.17,2.25,2.24,1.91,1.55,1.43,-0.171,1.18,15.7,-1.42,0.0172,2.75,-0.416,1.51,4.18,2.96,3.71,-0.0179,2.87,3.49,5.32,-0.186,0.592,4.66,7.52,1.93,0.884,5.26,1.9,0.597,0.65,-3.48,0.913,2.22,0.96,2.77,0.966,1.31,4.13,2.18,5.64,3.71,2.49,4,0.867,0.121,1.49,2.07,1.94,2.9,6.12,-0.281,13.6,1.13,1.16,0.565,2.58,3.67,1.64,3.11,4.61,4.05,1.16
2009,3.46,1.47,2.82,0.61,4.85,-0.979,1.21,-0.835,2.2,-0.227,2.45,1.81,6.18,3.63,-0.186,0.38,0.854,2.47,4.02,4.21,2.32,0.254,4.19,1.34,1.66,-0.169,5.32,5.83,3.32,3.93,1.37,2.42,1.83,3.41,1.07,3.34,1.63,2.53,4.63,4.03,3.01,3.12,0.183,0.199,1.3,0.474,0.728,1.73,0.659,3.08,1.99,1.81,1.83,7.12,3.53,-0.38,5.04,2.01,0.634,0.834,3.93,4.49,-0.598,0.00225,3.93,0.744,0.335,2.81,3.09,3.43,-0.958,3.63,3.34,0.603,0.465,2.54,2.98,1.99,2.73,1.34,2.46,0.627,0.847,0.977,6.44,2.77,4.41,3.96,6.09,1.2,3.63,-1.68,1.91,3.03,4.73,1.38,0.251,-1.12,2.28,-0.0185,4.86,3.73,3.03,3.85,5.55,0.831,0.853,4.84,-0.00038,1.99,-0.525,-0.199,1.88,3.03,0.738,2.23,4.52,1.3,3.95,-0.0201,3.02,1.55,0.93,1.63,3.75,4.76,0.782,1.63,5.13,2.64,1.54,3.19,2.23,2.2,1.88,1.5,1.42,-0.116,1.11,13.7,-0.589,0.0899,2.77,-0.391,1.47,4.12,3.01,3.76,0.00514,1.06,3.34,3.02,-0.141,1.33,4.6,7.37,1.97,0.639,5.13,1.19,0.564,0.652,-3.61,0.884,2.31,0.956,2.84,1.04,1.28,3.09,2.21,5.62,3.61,2.54,3.98,0.81,0.126,1.52,2.11,2.09,2.87,6.09,-0.185,11,1.1,1.09,0.58,2.65,3.63,1.6,3.14,4.59,4.09,1.3
2010,3.7,1.61,2.88,-0.12,4.83,-1.04,1.21,-0.549,1.7,-0.253,1.6,1.72,4.67,3.62,-0.21,0.501,0.963,2.38,4,4.1,2.29,0.0472,4.14,1.32,1.74,-0.188,5.29,5.75,3.35,3.91,1.34,2.4,1.54,3.52,1.03,3.26,1.58,2.6,4.64,3.8,2.89,3.2,0.0497,0.248,1.1,0.197,0.607,1.77,0.728,2.98,1.95,1.93,1.8,6.94,3.54,-0.417,5.03,1.92,0.865,0.816,3.99,4.47,-0.62,0.1,3.87,0.602,0.347,2.79,3.08,3.49,-0.763,3.56,3.25,0.431,-0.0766,2.48,2.9,2.01,3.04,0.87,1.9,0.48,0.814,0.928,6.52,1.54,4.39,3.85,6.16,1.26,3.5,-2.04,3.78,3.11,4.29,1.06,0.269,-2.22,2.24,0.0305,4.81,3.77,3.01,3.92,5.4,0.567,0.849,4.86,-0.0289,1.94,-0.363,-0.173,1.52,3.12,0.702,2.28,4.51,1.37,4.15,0.801,3.06,1.49,1.04,1.59,3.77,4.74,0.826,1.61,6.07,2.66,1.58,3.2,2.21,2.15,1.88,1.52,1.53,-0.469,1.05,11.4,-0.35,0.106,2.69,-0.358,1.5,4.05,3.09,3.82,0.00067,3.48,3.33,1.77,-0.408,0.864,4.56,7.23,2.05,0.622,4.91,0.757,0.524,0.647,-3.14,0.861,2.45,0.946,2.83,1.03,1.08,1.58,2.24,5.59,3.53,2.84,3.96,0.746,0.142,1.54,2.2,2.23,2.74,6.07,-0.26,8,1.12,1.04,0.563,3.78,3.08,1.56,3.21,4.56,4.15,1.43
2011,3.98,1.79,2.95,-0.935,4.81,-0.947,1.2,-0.218,1.53,-0.159,1.73,1.64,3.04,3.63,-0.166,0.505,1.43,2.33,3.99,4,2.27,-0.197,4.1,1.31,1.83,-0.178,5.27,5.64,3.39,3.88,1.18,1.93,1.21,3.63,1,3.06,1.53,2.66,4.66,3.55,2.77,3.28,-2.85,0.31,0.878,0.111,0.598,1.81,0.821,2.74,1.87,2.06,1.78,6.76,3.57,-0.493,5.01,1.8,1.11,0.806,4.06,4.44,-0.618,-1.6,3.79,0.319,0.364,2.77,3.06,3.54,-0.543,3.49,3.16,0.363,0.319,2.42,2.66,2.04,3.33,0.76,1.92,0.343,0.782,0.0974,6.57,1.56,4.39,3.7,6.24,1.35,3.35,-1.78,5.8,3.19,3.84,0.682,0.364,-2.28,2.63,0.0846,4.75,3.81,2.82,4,5.24,0.497,0.86,4.88,-0.107,1.88,-0.108,-0.131,1.08,2.37,0.621,2.34,4.5,1.44,4.36,0.319,3.13,1.32,0.693,1.56,3.79,4.69,0.828,1.74,7.59,2.69,1.55,3.31,2.21,2.1,1.89,1.55,2.06,-0.13,0.839,9.35,-0.249,0.139,2.62,-0.324,1.49,3.97,3.18,3.88,-0.387,-1.91,3.34,2.08,-0.357,0.634,4.48,7.08,2.15,0.753,4.68,0.649,0.494,0.637,0.723,0.826,2.6,0.935,2.82,1.04,1.14,-2.59,2.26,5.55,2.38,3.2,4,0.651,0.152,1.56,2.3,2.38,2.73,6.04,-0.224,5.14,1.11,0.955,0.541,3.06,2.74,1.52,3.24,4.53,4.2,1.56
2012,4.15,1.85,3,-1.7,4.77,0.406,1.19,0.0622,1.9,0.512,1.79,1.55,1.78,3.6,-0.115,0.583,0.773,2.3,3.98,3.85,2.24,-0.411,3.24,1.28,1.9,-0.116,5.24,5.53,3.42,3.85,1.23,1.95,0.963,3.73,0.973,2.94,1.48,2.71,4.66,3.35,2.63,3.35,0.0264,0.362,0.69,0.156,0.589,1.84,0.885,2.56,1.8,2.08,1.75,6.58,,-0.345,5,1.72,1.1,0.809,4.09,4.41,-0.614,0.201,3.72,-0.0787,0.413,2.74,3.05,3.58,0.532,3.42,3.07,-0.0561,0.546,2.4,2.62,2.04,3.49,0.747,1.92,0.62,0.779,-0.073,6.52,1.54,4.38,3.59,6.21,1.87,3.23,-1.2,7.08,2.79,3.51,0.377,0.458,-1.16,2.79,0.138,4.7,3.85,2.78,4.04,5.1,0.974,0.85,4.87,0.00674,1.82,0.117,-0.0859,0.76,1.99,0.598,2.39,4.48,1.51,4.6,2.18,3.2,1.17,0.619,1.53,3.81,4.64,0.83,1.84,8.58,2.7,1.66,3.33,2.21,2.06,1.89,1.58,2.07,-0.208,0.564,7.86,-0.419,0.248,2.59,-0.371,1.51,3.91,3.22,3.92,-0.23,1.72,3.31,2.45,-0.0874,0.635,4.41,4.21,2.23,0.438,4.49,0.356,0.458,0.731,0.575,0.792,2.73,0.924,2.51,1.12,1.09,-4.04,2.36,5.51,2.12,3.44,4,0.322,0.201,1.57,2.37,2.51,2.69,6.01,-0.112,2.98,1.02,0.967,0.463,1.28,2.7,1.47,3.27,4.49,4.26,1.68
2013,4.19,1.74,2.99,-2.12,4.72,0.384,1.19,0.281,1.88,0.92,1.78,1.47,1.24,3.55,-0.0664,0.677,0.535,2.28,3.96,3.7,2.13,-0.501,3.09,1.25,1.93,-0.0975,5.2,5.51,3.43,3.82,1.2,1.97,0.901,3.79,0.947,2.88,1.44,2.76,4.65,3.23,2.49,3.4,0.0811,0.323,0.591,0.16,0.589,1.85,0.925,2.48,1.77,2.12,1.73,5.04,,-0.138,4.87,1.65,0.795,0.84,3.98,4.37,-0.613,0.286,3.64,-0.27,0.48,2.74,3.08,3.59,0.66,3.34,3,0.119,0.981,2.38,2.57,2.03,3.55,0.847,1.94,1.59,0.782,-0.0587,6.19,1.57,4.37,3.49,5.8,2.25,3.16,-1.03,7.24,2.84,3.3,0.273,0.57,-0.83,2.67,0.194,4.65,3.91,2.72,3.97,5,1.48,0.845,4.84,-0.0461,1.78,0.333,-0.0997,0.496,2.03,0.61,2.4,4.46,1.55,4.7,5.14,3.23,0.969,0.838,1.5,3.82,4.58,0.825,1.72,8.57,2.69,1.66,3.31,2.19,2.13,1.83,1.58,2.07,-0.267,0.4,6.55,-0.44,0.31,2.55,-0.402,1.42,3.8,3.17,3.92,-0.283,2.61,3.27,1.62,-0.151,0.557,4.33,4.18,2.26,0.367,4.35,-0.0353,0.791,0.774,0.532,0.793,2.84,0.909,2.5,1.22,1.18,-4.97,2.43,5.47,2.07,3.59,3.97,0.134,0.232,1.58,2.39,2.59,2.62,5.96,-0.0926,1.56,0.993,0.933,0.44,1.37,2.66,1.42,3.26,4.45,4.3,1.76
2014,4.06,1.65,2.92,-2.06,4.65,0.378,1.17,0.356,1.65,1.11,1.76,1.39,1.67,3.49,-0.0124,0.736,0.279,2.28,3.95,3.54,2.06,-0.4,3.07,1.22,1.9,-0.108,5.17,5.52,3.42,3.79,1.13,1.99,1.09,3.82,0.925,2.83,1.39,2.79,4.64,3.19,2.37,3.4,-0.0186,0.286,0.575,0.233,0.642,1.83,0.953,2.4,1.75,2.08,1.71,4.9,,-0.0467,4.83,1.64,0.472,0.807,3.73,4.32,-0.635,0.43,3.58,-0.219,0.543,2.73,3.14,3.57,0.752,3.27,2.94,0.122,1.15,2.37,2.52,1.99,3.49,1.05,2,1.34,0.789,-0.0472,5.57,1.6,4.34,3.44,4.99,2.34,3.16,-0.902,6.2,2.86,3.25,0.452,0.642,-0.678,2.7,0.251,4.62,3.96,2.62,3.8,4.96,2.07,0.783,4.74,-0.0885,1.74,0.495,-0.134,0.423,1.99,0.608,2.37,4.44,1.57,4.69,9.11,3.24,0.922,1.58,1.48,3.91,4.52,0.816,1.63,8.09,2.66,1.67,3.29,2.17,2.2,1.79,1.56,2.05,-0.283,0.393,5.45,-0.443,0.335,2.62,-0.423,1.29,3.69,3.01,3.89,-0.264,2.35,3.23,1.3,-0.162,0.519,4.24,4.18,2.24,0.54,4.25,-0.00494,1.01,0.811,0.544,0.837,2.92,0.911,2.49,1.35,1.25,-5.09,2.48,5.43,2.01,3.6,3.92,0.199,0.243,1.58,2.38,2.61,2.48,5.92,-0.345,1.08,1.07,0.978,0.446,1.49,2.63,1.39,3.23,4.38,4.3,1.88
2015,3.82,1.48,2.81,-1.65,4.56,0.357,1.15,0.326,1.58,1.45,1.73,1.31,2.71,3.4,0.0405,0.794,0.623,2.29,3.94,3.38,2.03,-0.138,3.03,1.18,1.84,-0.179,5.13,5.59,3.37,3.75,0.883,1.99,1.47,3.83,0.907,2.77,1.35,2.81,4.62,3.23,2.26,3.4,-0.41,0.235,0.623,0.323,0.839,1.79,0.955,2.32,1.72,1.99,1.69,4.75,,0.281,4.78,1.65,0.388,0.745,3.39,4.26,0.399,0.879,3.52,-0.217,0.597,2.72,3.27,3.54,0.771,3.2,2.89,0.15,1.08,2.37,2.46,1.93,3.35,1.26,2.06,0.326,0.799,-0.0218,4.18,1.59,4.32,3.4,3.97,2.46,3.22,-0.777,4.51,2.86,3.3,0.826,0.675,-0.759,2.69,0.303,4.58,4.03,2.49,3.56,4.94,2.46,0.745,4.62,-0.138,1.7,0.655,-0.0785,0.458,1.89,0.567,2.32,4.42,1.62,4.59,5.11,3.21,0.98,1.96,1.46,4.01,4.45,0.799,1.52,7.35,2.62,1.74,3.26,2.15,2.28,1.77,1.53,2.01,-0.274,0.5,4.49,-0.495,0.328,2.69,-0.474,1.11,3.6,2.77,3.85,-0.292,3.01,3.18,1.19,-0.111,0.493,4.16,4.2,2.17,0.438,4.21,0.219,1.14,0.828,0.624,0.89,2.99,0.909,2.48,1.41,1.17,-1.18,2.52,5.38,1.94,3.51,3.87,0.32,0.236,1.58,2.33,2.59,2.45,5.87,-0.126,1.27,1.11,0.986,0.456,1.55,2.6,1.36,3.18,4.3,4.28,1.98
2016,3.56,1.54,2.68,-1.05,4.47,0.415,1.12,0.265,1.61,1.41,1.68,1.23,3.92,3.31,0.0945,0.745,0.55,2.31,3.93,3.23,2.01,0.186,2.99,1.13,1.77,-0.244,5.09,5.67,3.32,3.71,1.25,1.99,1.9,3.83,0.896,2.74,1.31,2.83,4.6,3.27,2.15,3.39,-0.258,0.171,0.687,0.319,0.913,1.74,0.952,2.24,1.69,1.89,1.65,4.58,,0.244,4.73,1.66,0.346,0.728,3.04,4.19,0.734,0.838,3.46,0.0201,0.669,2.7,3.39,3.49,0.776,3.1,2.85,0.0998,1.43,2.38,2.4,1.86,3.21,1.45,2.04,0.246,0.81,-0.0321,3.46,1.55,4.29,3.35,2.92,2.5,3.29,-0.854,2.8,2.84,3.37,1.27,0.689,-1.07,2.47,0.361,4.56,4.08,2.34,3.31,4.93,2.36,0.685,4.49,-0.151,1.67,0.794,-0.0112,0.5,1.78,0.531,2.25,4.4,1.66,4.45,4.5,3.19,1.04,2.17,1.45,4.09,4.37,0.809,1.33,6.62,2.57,1.79,3.23,2.12,2.36,1.74,1.49,1.98,-0.209,0.581,3.57,-0.549,0.324,2.75,-0.539,0.912,3.5,2.52,3.8,-0.319,2.11,3.15,1.3,-0.0252,0.517,4.06,4.22,2.09,0.363,4.16,0.383,1.42,0.857,0.686,0.97,3.05,0.904,2.49,1.6,1.12,-0.368,2.56,5.33,1.87,3.42,3.83,0.484,0.228,1.57,2.28,2.55,2.39,5.82,-0.197,1.59,1.03,0.968,0.466,1.54,2.57,1.33,3.11,4.21,4.26,2.06
2017,3.41,1.54,2.56,-0.52,4.38,0.497,1.09,0.226,1.71,1.15,1.65,1.16,4.73,3.23,0.144,0.674,0.401,2.32,3.91,3.08,1.99,0.471,2.95,1.09,1.71,-0.273,5.03,5.72,3.28,3.67,1.28,1.99,2.28,3.84,0.884,2.69,1.26,2.85,4.57,3.29,2.05,3.38,-0.705,0.136,0.735,0.379,0.855,1.7,0.947,2.16,1.67,1.87,1.61,4.42,,0.201,4.67,1.66,0.349,0.715,2.73,4.13,0.62,0.468,3.39,0.285,0.728,2.69,3.49,3.44,0.799,2.99,2.8,0.0633,1.77,2.38,2.33,1.79,3.1,1.55,2.02,0.287,0.817,-0.0792,2.84,1.49,4.26,3.27,2.05,2.52,3.32,-0.885,1.44,2.83,3.4,1.63,0.777,-1.2,3.25,0.415,4.52,4.14,2.2,3.07,4.91,2.23,0.646,4.38,-0.0786,1.63,0.939,0.0461,0.508,1.68,0.534,2.19,4.37,1.71,4.31,4.5,3.16,1.09,2.2,1.45,4.18,4.3,0.817,1.38,5.95,2.53,1.79,3.24,2.09,2.43,1.72,1.46,1.98,-0.106,0.572,2.73,-0.523,0.278,2.82,-0.561,0.759,3.41,2.3,3.76,-0.276,1.99,3.14,0.0886,0.065,0.55,3.98,4.23,2.02,0.357,4.1,0.489,1.53,0.896,0.754,1.03,3.11,0.899,2.49,1.79,1.13,0.376,2.6,5.28,1.79,3.36,3.79,0.605,0.22,1.56,2.22,2.51,2.29,5.76,-0.253,1.73,0.958,0.952,0.47,1.48,2.54,1.31,3.04,4.13,4.24,2.14
