year,Afghanistan,Albania,Algeria,Angola,Antigua and Barbuda,Argentina,Armenia,Australia,Austria,Azerbaijan,Bahamas,Bahrain,Bangladesh,Barbados,Belarus,Belgium,Belize,Benin,Bhutan,Bolivia,Bosnia and Herzegovina,Botswana,Brazil,Bulgaria,Burkina Faso,Burundi,Cambodia,Canada,Cape Verde,Central African Republic,Chile,China,Colombia,"Congo, Dem. Rep.","Congo, Rep.",Costa Rica,Cote d'Ivoire,Croatia,Cyprus,Czech Republic,Denmark,Dominica,Dominican Republic,Egypt,El Salvador,Equatorial Guinea,Estonia,Ethiopia,Fiji,Finland,France,Gambia,Georgia,Germany,Ghana,Greece,Grenada,Guatemala,Honduras,Hungary,Iceland,India,Indonesia,Iran,Iraq,Ireland,Israel,Italy,Jamaica,Japan,Jordan,Kazakhstan,Kenya,Kiribati,Kuwait,Kyrgyz Republic,Lao,Latvia,Lebanon,Lesotho,Liberia,Lithuania,Luxembourg,"Macedonia, FYR",Madagascar,Malawi,Malaysia,Maldives,Mali,Malta,Marshall Islands,Mauritius,Mexico,"Micronesia, Fed. Sts.",Moldova,Mongolia,Morocco,Mozambique,Myanmar,Namibia,Nepal,Netherlands,New Zealand,Nicaragua,Nigeria,Norway,Oman,Pakistan,Palau,Palestine,Papua New Guinea,Paraguay,Peru,Philippines,Poland,Portugal,Qatar,Romania,Russia,Rwanda,Samoa,San Marino,Sao Tome and Principe,Senegal,Serbia,Seychelles,Sierra Leone,Singapore,Slovak Republic,Slovenia,Solomon Islands,South Africa,South Korea,Spain,Sri Lanka,St. Kitts and Nevis,St. Lucia,St. Vincent and the Grenadines,Suriname,Swaziland,Sweden,Switzerland,Syria,Tanzania,Thailand,Timor-Leste,Togo,Trinidad and Tobago,Tunisia,Turkey,Uganda,Ukraine,United Arab Emirates,United Kingdom,United States,Uruguay,Uzbekistan,Vanuatu,Vietnam,Zambia,Zimbabwe
1972,,,,,,,,17.9,17.9,,,,,,,,,,,,,,,,,,,,,,16.2,,,,16.8,11.4,,,,,29,,13.9,,,,,,,21.7,18.7,,,10.8,,12.9,,,10.7,,23.2,,12.4,8.27,,21.8,25.7,,,10.5,,,,,37.4,,,,,,,,16.1,,59,,,,,21.2,,,7.61,,,,14.9,,,,,,23.8,,,23,,,,,,,12.7,,,,,,,,,,,,,,,14.6,,,,17.2,11.2,8.98,,,,,,,19.3,,,,11,,,,17.8,13.4,,,,23,11.8,13.7,,,,,
1973,,,,,,,,17,18.2,,14.5,,,,,,,,,,,,,,,,,,,,17.4,,,,15.5,12.5,,,,,28.9,,13.4,,,,,,,22,17.8,,,11,,12.5,,,10.8,,23.2,,13.8,7.55,,22.1,24.3,12.6,,11.7,,,,,37.2,,,,,,,,16.6,,56.3,,,,,22,,,7.09,,,,15.6,,9.42,,,22.8,25.6,,,20.7,,10.4,,,,,10.8,,,11.5,,,,8.63,,,,,,,,14.8,,,,17.8,10.5,9.35,,,,,,,17.8,,,,10.2,,,,19,14.3,,,,21.1,11.5,10.4,,,,,
1974,,,,,,,,18.1,18.4,,16.7,,,,,,,,,,,,,,,,,,,,16.3,,,,25,13.6,,,,,29.1,,14.4,,,,,,,21.3,18.9,,,10.5,,12.6,,,11.1,,24.1,8.29,16,5.42,,22,30.6,13.5,,11.3,,,,,32.7,,,,,,,,17.1,,,,,,,20.7,,,8,,,,15.5,,7.61,,,21.5,28.1,,,20.5,,11.9,,,,,11,,,11.8,,,,10.2,,,,,,,,15.1,,,,17.4,11.6,8.6,,,,,,,17.3,,,,12.6,,,,17.9,13.2,,,,23.7,11.8,12.7,,,,,
1975,,,,,,,,19.9,18,,16.3,,,,,,,,,,,,,,,,,,,,20.6,,,,20.4,12.4,,,13.4,,26.7,,16.1,20.9,,,,,,22.1,17.7,,,10.1,,12.7,,,11.1,,23.2,9.15,16.6,8.19,,21.3,30.4,12.8,,9.35,,,,,,,,,,,,,20,,,,,,,18.9,,,9.18,,,,19.8,,7.92,,,22.6,27.7,,,20.4,,10.8,,,,,11.6,,,12.3,,,,7.52,,,,,,,,16.6,,,,18.3,13.3,8.79,,,,,,,16.7,,,,11.2,,,,20.2,14.7,,,,24.3,11.2,12.2,,,,,
1976,,,,,,,,20.3,17.9,,17.2,,,,,,,,,,,,,,,,,,,,18.4,,,,,12.2,,,12.1,,26.5,,13.3,17.3,,,,,,24.7,18.8,,,10.2,,14.1,,,11.7,,22.1,9.31,17.9,7.56,,23.6,33.8,14.1,,9.13,,,,,,,,,,,,,19.6,,,,,,,17.7,,20,9.04,,,,16.6,,8.81,,,22.6,27.5,,,21.5,,10.9,,,,,11.2,,,13.8,,,,9.91,,,,,,,,16,,,,18.2,14.5,9.05,,,,,,,19.6,,,,10.8,,,29.6,19.9,16.3,,,,23.8,10.7,15.5,,,,,
1977,,,,,,,,20.6,18,,15.9,,,,,,,,,,,,,,,,,,,,18.8,,,,,12.3,,,13.2,,27.1,,12.5,25.1,,,,,,24.2,18.2,,,10.5,,14,,,13.1,,21.1,8.71,17.7,8.22,,22.5,35.1,15,,9.16,,,,,4.62,,,,,,,,22,,,,,,,18.4,,19.6,9.95,,,,20,,10.5,,,23.7,29.6,,,22.1,,11,,,,,11.7,,,14.1,,,,10.9,,,,,,,,16.7,,,,19.1,14.2,8.92,,,,,,,20.3,,,,11.6,,,32.6,21.3,16.7,,,,23.3,11.6,15.8,,,,,
1978,,,,,,,,20.4,18.8,,16.3,,,,,,,,,,,,,,,,,,,,18.7,,,,,12.7,,,13.6,,28.1,,11.3,23,,,,,,22.4,18.3,,,10.5,,14.3,,,12.7,,21.5,9.43,17.9,8.87,,22.1,33.2,15.7,,9.25,,,,,7.6,,,,,,,,22.9,,65.4,,,,,19.2,,17.7,10.7,,,,19.5,,10,,,23.5,28.1,,,21.8,,11.5,,,,,12.5,,,13.5,,,,9.72,,,,,,,,15.9,,,,19.1,14.6,9.53,,,,,,,18.6,,,,11.7,,,28.7,22.6,16.5,,,,22.2,11.5,16,,,,,
1979,,,,,,,,19.8,18.6,,15.3,,,,,,,,,,,,,,,,,,,,17.9,,,,,11.9,,,14.2,,28.6,,11,21.1,,,,,,21.2,18.8,,,10.4,,13.9,,,12.8,,22.2,9.82,20.3,5.99,,21.9,37.8,15.8,,9.95,,,,,2.18,,,,,,,,21.1,,62,,,,,,,16.4,11.3,,,,20,,10.2,,,23.4,29.4,,,22.2,,12.3,,,,,13.8,,,13.8,,,,11.7,,,,,,,,16,,,,19.3,14.8,9.7,,,,,,,17,,,,12.4,,,29.2,21.8,14.6,,,,21.9,12,14.4,,,,,
1980,,,,,,,,20.4,18.6,,15,,,,,,,,,,,,12.1,,,,,,,,19,,,,25.4,11.6,,,14.8,,28.5,,10.5,,,,,,,21.4,19.3,,,10.3,,13.8,,,13.6,,21.5,9.15,21.8,5.17,,24.2,35.9,17.4,,10.5,,,,,2.7,,,,,,,,21.6,,57.1,,,5.12,,19.7,,18.3,12.1,,,,16.6,,9.61,,,23.4,29.4,,,25.1,,13.3,,,,,18,,,15.2,,,,10.5,,,,,,,,17,,,,19.2,14.8,9.7,,,,,,,16.5,7.51,,,13.1,,,35.7,21,14.3,,,,23.9,12.1,15.8,,,,,
1981,,,,,,,,21.5,18.9,,14.6,,,,,,,,,,,,12.2,,,,,,,,20.1,,,,,12.4,,,13.8,,28,,10.1,24.8,,,,,,22.5,19.4,,,10.1,,12.3,,,12.4,,22.9,9.34,21.9,6.98,,25.3,34.4,17.8,,11,,,,,3.74,,,,,,,,22,,,,,6.89,,19.2,,17.6,11.1,,,,16.9,,9.93,,,22.2,30.4,,,26.3,,13.5,,,,,15.1,,,16.1,,4.39,,,,,,,,,,17.9,,,,18.6,14.8,10,,,,,,,17,7.53,,,13.5,,,34.8,21.6,15.3,,,,24.6,12.5,16.7,,,,,
1982,,,,,,,,21.6,18.2,,13.5,,,,,,,,5.43,,,,11.9,,,,,,,,19.8,,,,,12.7,,,14.2,,27.1,,8.28,23.4,,,,,,22.1,19.6,,,9.83,,14.9,,,,,23.3,9.39,20.1,5.92,,26.4,39,19.5,,11,,,,,3.44,,,,,,,,22.2,,,,,12.2,,18.5,,16.6,11.9,,,,17.3,,9.83,,,22,30.3,,,25.3,,12.7,,,,,14.8,,,16.6,,4.07,,,,,,,,,,18.9,,,,19.9,14.8,9.25,,,,,,,16.6,7.83,,,12.6,,,,22.8,,,,,25.9,12,14,,,,,
1983,,,,,,,,21.7,18,,14.2,,,,,,,,6.28,,,,12.5,,,,,,,,18.8,,,,,12,,,15.4,,27.8,,9.04,23.2,,,,,,22.3,19.4,,,9.79,,15.6,,,,,20.9,9.39,18.8,6.03,,27.5,39,21.2,,10.9,,,,,3.24,,,,,,,,24.6,,,,,12.6,,17.9,,19,13.6,,,,16.8,,9.24,,,21.1,28.1,,,24.6,,12.8,,,,,11.9,,,18.3,,4.02,,,,,,,,,,18.8,,,,19.8,14.9,10.7,,,,,,,17.1,7.86,,,14.1,,,,23.1,13.9,,,,24.6,10.3,15.1,,,,,
1984,,,,,,,,21,19,,13.3,,,,,,,,7.21,,,,10.3,,,,,,,,20,,,,,11.7,,,16.1,,29,,10.1,20.4,,,,,,22.7,19.6,,,10.2,,14,,,,,21.3,9.43,17.5,6.44,,28.1,37.4,21,,11.1,,,,,3.13,,,,,,,,24,,,,,9.26,,16.8,,19.4,13.2,,,,16.6,,8.58,,,20.4,28.3,,,24.5,,13.3,,,,,13,,,18,,4.05,,,,,,,,,,17.7,,,,21,14,10.6,,,,,,,17.9,8.03,,,14.1,,,,23,10.8,,,,24.8,10.2,13.9,,,,,
1985,,,,,,,,22.5,18.1,,13.6,,,,,,,,6.38,8.26,,,10.6,,,,,,,,18.1,,,,,10.8,,,16.6,,30.5,,9.69,19.4,,,,,,23.5,19.7,,,10.2,,13.8,,,,,20.4,10.2,18.8,7.33,,27.2,35.2,20.5,,11.4,,,,,1.94,,,,,,,,24,,,,,9.99,,17.7,,17.9,13,,,,15.9,,8.26,,,20.6,29.4,,,25.7,,12.3,,,,,15,,,17.6,,4.2,,,,,,,,30.7,,15.7,,,,22.7,13.6,12.6,,,,,,,20.5,7.9,,,13.7,,,,22,11.3,,,,25.1,10.4,15.9,,,,,
1986,,,,,,,,22.6,18,,13.7,,,,,,,,6.75,8.02,,,10.8,,,,,,,,18,,,,,10.7,,,16.7,,32.7,,11.3,18.8,,,,,,24,19.7,,,9.98,,15.6,,,,,20.6,10.6,14.6,6.78,,27.3,34.2,22.2,,11.3,,,,,2.1,,,,,,,,23.3,,,,,10.3,,17.2,,17.7,12.3,,,,16,,7.41,,,21.5,30.2,,,25.6,,13.5,,,,,13.4,,,17.5,,4.46,,,,,,,,32,,12.7,,,,21.9,13.4,14.5,,,,,,,19.4,8.56,,,13.6,,,,22.5,11.7,,,,24.5,10.1,16.8,,,,,
1987,,,,,,,,23.3,17.7,,,,,,,,,,,7.95,,,10.1,,,,,,,,16.8,,,,,11.2,,,16.3,,32.2,,11.2,14.6,,,,,,22.7,19.9,,,10.1,,16.4,,,,,21,10.5,15.1,6.01,,27.4,31.5,21.6,,12.1,,,,,1.27,,,,,,,,23.5,,,,,12.3,,16.6,,17.7,13.4,,,,17.2,,6.37,,,22.8,33.3,,,23.6,,,,,,,9.97,,,15.6,,4.46,,,,,,,,34.9,,13.1,,,,21.7,13.6,15.6,,,,,,,21.9,8.2,,,13.6,,,,20.6,12.1,,,,23.2,10.9,16,,,,,
1988,,,,,,,,23.2,18.6,,14.1,,,,,,,,5.97,7.28,,,9.83,,,,,,,,14.4,,,,,11.2,,,17.4,,32.4,,11.7,14.3,,,,,,24.2,19.2,,,9.85,,15.1,,,,,22.6,10.5,15.1,5.43,,28.7,29.7,23.3,10.3,12.5,,,,,1.23,,,,,,,,22.8,,52.5,,,13.6,,17.6,,19.2,11.3,,,,18.1,,4.49,,,22.9,32.5,,,22.2,,13.2,,,,,9.66,,,17,,4.53,,,,,,,,36,,14.1,,,,22.8,13.6,15.4,,,,,,,22,8.59,,,14.8,,,,20.5,11,,,,23,10.6,15.2,,,,,
1989,,,,,,,,22.7,17.8,,13.2,,,,,,,,5.19,7.09,,,9.93,,,,,,,,13.9,,,,,10.5,,,18.4,,31.4,,12.4,13.9,,,,,,24.6,18.9,,,10.3,,13,,,,,23.8,10.6,16,5.37,,25.8,27.9,24,11.1,12.4,,,,,1.18,,,,,,,,21.8,,44.2,,,15.1,,17.9,,20,12.1,,,,18.3,,4.26,,,22.2,,,,20.5,,13.7,,,,,7.92,,,17.7,,5.12,,10.8,,,,,,36.8,,15.7,,,,25.3,13,16.8,,,,,,,21.6,8.06,,,15.6,,,,20.2,11.2,,,,22.8,10.8,14.5,,,,,
1990,,,,,,4.84,,22.5,18,,13.9,5.19,,,,,21.4,,4.41,7.24,,27.5,12,23.8,,,,14.2,,,13.3,,,9.29,,10.1,18,,30.8,,29.7,,10.3,13.2,,,,8.64,22.8,24.4,18.7,18.2,,9.87,,15.1,,6.87,,,23.9,10.1,19.1,5.57,,25.3,26.9,24.3,12,12.9,,,,,1.55,,,,,,,,22.1,,9.43,,,14,,42.4,,19.6,11.8,,,,18.7,,6.2,22.9,7,23.6,,26.3,,21.3,9.36,,,,20.1,,10.7,14.1,,17.7,,23.1,,8.78,,,,,,,5.32,14.5,,,,23.1,13.6,15.8,19,15,,18.3,,,21.9,8.09,16.7,,16.9,,,,20,11.6,,,,24.2,10.4,16.2,,21.5,,19.5,
1991,,,,,,5.01,,22.4,18.2,,13.6,5.04,,,,,20.7,,4.95,7.93,,25.6,9.53,22.3,,15.1,,14.4,,,15.2,,,4.14,,10.6,,,29,,29.1,,7.59,14.9,,,,7.45,21.9,24.4,18.9,8.75,,11.7,,,18.5,7.33,,25.6,23.2,10.3,17.2,6.16,,25.6,20.1,24.9,10.6,13.1,,,,,0.256,,,,,,,,20.9,,6.9,,,14.6,,43.1,,20.3,11.5,,,,18.4,,5.61,26.8,6.62,24.8,,18.2,,21.6,7.51,,,,17.7,,10.9,14.6,,18.3,,22.5,,9.26,,,,,,,7.47,15.2,,,,22.9,12.7,15.8,18.3,15.3,,19.6,,,19.9,7.85,18.1,,17.4,,,,20.4,12.5,,,,24.8,10.3,16.8,,,,17.5,
1992,,,,,,5.55,,20.7,18.9,,15.4,5.39,,,20.5,,19.9,,5.05,8.9,,27.8,9.73,16.9,,15.1,,14.4,,,15.7,,,2.73,14.7,12,,,30.9,,29.5,,10.9,18.5,,,,5.6,21.6,24.9,18.5,9.56,,11.8,,,17.6,8.31,,24.1,23.5,9.94,17.1,6.88,,25.9,26.7,25.6,10.5,11.6,,,,,0.0858,,,,,,,,21.4,,8.59,,,15,,44.2,,19.2,11.6,,,11.1,20.7,,5.04,25,6.48,23.9,,19.8,,20.7,6.99,,,,18.3,,11.9,15.4,,20,,22.4,,9.05,,,,,,,10.1,16.1,,,,20.6,12.9,16.1,18,15.3,,18.5,,,17.4,8.01,19.4,,15.6,,,,20.5,13,,,,24.3,9.96,17.2,,,,18.7,
1993,,,,,,8.02,,20,18.9,,15.4,5.35,,,26.6,,19.5,,6.23,9.52,,23.7,10.5,15.2,,14.9,,13.7,,,16.3,,,3.41,11.7,12.1,,,33.2,18.9,30.8,,11.2,18.8,,,,5.91,21.4,22.4,18.4,10.8,,11.5,,,19,7.82,,25,22.8,8.65,14.4,3.86,,25.8,27,26.4,8.8,11.6,,,,,1.09,,,,,,,,22.9,,8.16,,,13.7,,45.3,,18.1,9.07,,,17.5,20.2,,4.73,26.4,6.65,24.6,,19,,20.7,6.14,,,,19.9,,12.1,15.6,,18.6,,19.7,,,,,,,,35.4,11.8,16.3,,,,21.8,12.7,14.9,17.5,16.1,,18.7,,,15.7,7.39,17.5,,15.4,,,22.2,21,13.3,,,,23,10.3,19.4,,,,15,
1994,,,26.7,,,8.13,,20,18.3,25.6,16.7,5.17,,,24.8,,19.9,,5.92,10,,19.9,11.6,21.2,,15.6,,13.1,,,15.6,,,2.65,8.28,11.6,,,35.5,16.8,31.6,,10.5,19,,,,7.68,21.5,23.1,19.1,,,11.7,,,18,6.77,,24.2,22.6,9.1,15.9,4.37,,27,27.5,25.2,9.38,11.1,,,,,1.42,,,,,,,,24.2,,7.69,,,13,,42.3,,18.3,8.49,,,11.3,18.9,,4.25,24.3,7.73,22.1,,8.99,,21.7,7.12,,,,20.6,,13,16,22.8,19.4,,17.8,,,,,,,,32,12.1,16.6,,,,21.5,12.9,15.1,17.2,16.2,,19.8,,,15,7.92,17.5,,16,,,20.8,20.8,15.2,,,,23.8,10.6,19,,,18.3,17.2,
1995,,13.4,28.6,,,8.05,,21.2,24.6,18,17.3,4.8,,,19.9,25.5,18.8,,6.61,9.72,,16.8,,17.8,,16.7,,13.3,,,15.1,,,4.93,11.2,12.3,18.8,22.8,31.8,16.3,31.7,,10.6,17.6,,,1.5,8.43,22.2,20.7,19.4,,,11.5,,18.6,18.6,7.71,,23.1,22.9,9.35,15,6.22,,26.5,27,23.2,21.7,11,,,,,1.15,,,19.3,,,,5.74,23.7,,8.32,,,13.6,,51.1,,16.1,8.48,,,9.77,18.4,,3.74,25.2,8.99,21.1,,9.4,,23.5,7.43,,,,19.7,,13.7,16.3,22.4,19.8,,17.3,,,,,,,,27.6,9.04,15.8,23.3,19.5,,22.4,13.2,15.9,17.8,,,19.2,,,26.9,8,18.6,,16.4,,,21.8,20.5,14,,,,23.4,10.9,16.9,,19.1,18.7,15.7,
1996,,8.55,30.6,,,8.17,,21.9,25.9,9.85,17,5.04,,,18.8,25.8,19.5,,7.53,12.3,,14.9,,16.6,,13.4,,13.9,,,16.2,,,4.76,11.1,12.7,,22.7,30.8,15.4,31.9,,10.3,17.5,,,1.41,8.95,21.2,21.9,20.3,,,10.9,,18.6,,8.53,,22.8,23.8,9.36,14.2,7.95,,27.2,26.3,23.1,20.1,10.8,,,,,0.965,,,18.7,,,,5.47,23.8,,8.47,,19.4,13.5,,45.4,,14.8,8.74,,12.1,9.6,,,3.96,24.3,8.72,21.7,,9.49,,24.4,7.54,,,,22.5,,14.2,16.9,21.7,20.6,,16,,,,,,14.3,,26.9,7.66,15.9,21.4,20.1,,23.2,13.5,16.3,17,,,20,,,27.5,8.44,15.6,,16.7,,,22.6,19.8,15.2,,,,23.2,11.3,17.4,,19.8,19.3,16.1,
1997,,9.48,31.6,,,8.69,,22.4,26.8,10.7,10.4,5.1,,,20.7,26.3,19.7,,6.54,12.6,,,10.2,14.9,,11.4,,14.6,,,15.9,,,4.05,7.62,12.7,,21.8,29.1,15.2,31.7,,11.4,16,,,1.43,10.5,,22.6,21,,8.33,10.7,,19.5,,8.7,,20.8,22.1,9.13,16,10.2,,26.9,26.6,24.6,19.9,10.7,,6.79,,,1.17,,,22.3,11.9,,,6.27,25.1,,9.35,,19.8,14.4,,47.7,,16,8.99,,18.3,10.6,19.4,,4.42,27,8.72,21.3,,10.6,,24.3,8.76,12.7,,,23.7,,14.4,17,20.9,20.4,,16.9,,,,,,14.7,,27,9.91,15.3,20.4,19.8,,23.5,13.2,15.7,16,,,20.6,,,27.7,8.42,,,16.1,,,20.8,18.4,19.1,,,0.992,23.8,11.8,16.8,,19.3,16.9,16.1,
1998,,13.7,25,,,9.03,,22.3,26.9,12.7,9.97,5.66,,,17.1,26.9,19.7,,8.01,13.5,,,12,16.6,,13.9,,14.7,,,15.9,,13.7,5.35,10.9,12.9,,25,31,14.4,32,,11.4,,9.88,,1.43,11.3,,22.7,23,,7.24,10.8,,20.5,,9.37,,20.6,24.1,8.22,15,8.64,,26.5,25.7,23.5,20.9,10.1,,7.29,,,1.49,,,23.6,12.6,,,6.43,25.6,,,,16.7,14.2,,43.7,,16,8.16,,18.7,8.36,19.2,,3.52,26,8.64,21,,11,,24.1,6.79,12.8,,,20.5,,14.2,14.1,20.2,20.5,,17.6,,,,,,14.8,,26.4,7.2,14,20.1,20.5,,24.4,12.9,15.8,14.5,,,21.2,,,29.9,9.39,16,,13.8,,,20.6,19.2,14.7,,,1.08,25.1,12.3,17,,17.7,16.3,16.2,
1999,,,27,16.3,,9.08,,22.5,26.6,12.7,10.3,5.01,,,16.7,26.8,17.4,,7.02,12,,,13.2,17.1,,13.2,,14.8,,,15.2,,13.5,3.46,7.77,13.2,,23,31.8,14.9,31.9,,11.5,,10.4,,1.34,10.9,,22.4,23.6,,7.9,11.5,,21.4,17.8,10.2,,21.6,26,8.76,16.3,8.33,,26.7,25.6,23.9,21.9,9.77,,7.75,,,,,,22.7,13.4,,,6.43,24.8,,,,14.1,14.1,,47.6,,17,8.61,,15.1,9.81,19.9,,2.75,28.3,8.42,21.4,,10.7,,24.4,6.69,13.2,,,21.8,,13,13.3,18.1,21.1,,16.9,11.2,,,,,15.5,,27.2,6.29,14.5,19.7,20.9,,24.1,13.1,16.1,15,,,20.7,,25.1,30.5,9.04,18.1,,12.9,,,18.5,19.1,,,13,1.12,25.7,12.2,15.3,,17.1,16.2,17,
2000,,,36.9,28.7,12.7,9.62,,23.1,26.2,,10.7,3.73,,,16.6,27.1,17.8,,10,12.3,,,13.8,17.2,,,,14.9,,,16.2,,11.2,0.78,,12.9,,22.2,34.8,14.5,31.6,20.1,12.2,,10.6,,1.26,,,24.3,23.4,,7.65,11.7,,22.5,18.9,10.1,,22.2,25.4,8.93,,5.86,,26.4,27.1,22.5,22.5,10.4,,10.2,,,,,,20.8,11.9,,,5.87,25.4,,11.3,,13.7,13.8,10.8,45.9,,17.3,9.57,,14.7,13.9,,,2.97,27.5,8.74,21.2,,10.6,,26.8,1.66,10.1,,,19,,12.6,12.8,17,21,,17.9,13.7,,,,,16.1,,26.1,10.2,14.9,18.5,20,,23.3,14.6,16.2,14.5,16.6,20.3,21.3,,18.1,30,10.2,15.4,,13,,,19.5,19.3,,,14.1,,26.2,12.9,14.7,,,16.5,,
2001,,,32,29.2,14.7,9.32,,24.8,28,,9.86,4.1,6.61,,15.8,26.6,18.7,13.7,8.53,11.8,,,14.6,17.3,,,,14.2,,,16,,,2.75,9.22,13.4,14.3,20.8,35.8,14.8,30.2,17.6,13.4,,13.3,,1.23,8.08,,21.9,23.3,4.2,7.35,10.9,,20.9,18.1,10.9,,21.3,23,8.19,11.6,5.75,,24.2,26.7,22.3,21.4,9.9,,9.64,,,1.04,,,20.7,11.9,,,5.61,25.2,,9.74,,17.8,9.83,10.6,48.5,,15.4,,,12.2,14.7,,,2.26,26.4,8.8,21.5,28.6,9.8,,26.1,1.81,10,,,24.7,,12.9,12.7,16.1,20.6,,16.5,15.8,,,,,16.1,,,8.89,14.7,17.2,20,,24.2,13.9,15.9,14.6,15.6,19.8,20.8,28.7,17.7,28,9.21,19,,13.1,,,22.1,19.6,,,12.1,,25.8,11.8,15.3,,,18.7,16.5,
2002,,16.2,31.5,19,16.1,9.82,,23.5,27,,9,3.56,6.69,,14.2,25.5,19.3,14.4,9.25,13.2,,,15.7,15.4,10.9,,8.17,13.4,,,16.2,,,4.24,8.36,13.4,14.6,21.3,36,14.6,30.1,17.8,13.2,13.4,12.1,,1.26,9.71,,22.5,22.5,4.87,7.62,10.8,,21.3,18,11.9,,20.7,22.9,8.79,11.8,4.99,,23.5,25.7,21.7,21.9,9.06,,12.1,,,1.18,,,20,14.4,,,5.55,24.8,,7.67,,17.4,9.51,11.2,51.2,,15.2,,,12.9,13.4,19.1,,2,26,8.56,21.4,28.2,10.4,,27.1,2,10.3,,,21,,12.5,12.1,16.9,20.9,,16.5,13.6,,,16.5,10.1,,,,8.49,12.8,17.1,20.4,,23.3,13.6,15,14,20.9,20,21.9,20.7,17.1,26.9,9.19,18.1,,13.5,,,20.5,19.5,,,13.1,,25,9.82,15.8,,,19.8,15.4,
2003,,16.8,27.6,21.6,16.6,12.5,,24.3,26.6,,9.29,3.31,6.97,24.7,17.7,24.9,19.2,14.3,9.37,13,,,15.2,19.9,11.1,,7.54,13.3,,,15.9,,11.3,4.04,8.7,13.6,13.4,20.6,37.5,15.1,30.1,19,11.7,13.3,12.7,,1.27,9.12,,22.1,22.1,5.58,7.03,11,,19.7,18.7,11.7,13.7,20.6,23.9,9.23,12.4,5.2,,24.2,25,21.5,24.1,8.92,,13.1,,,1.32,,,20.2,15.4,33,,5.52,24.7,,10,,15.5,9.42,12.8,54,,16.7,,,14.7,18,18.8,,2.21,23.2,8.65,20.6,29.2,11.7,1.53,25.9,2.04,10.8,,,,,13.4,12.1,16.7,20.9,,17.2,13.3,,,15.4,10.7,,,,8.24,12.5,17.6,20.6,,23,14.1,14.6,12.7,21.7,19.4,20.9,21.5,18.2,26.9,9.19,18.8,,14.5,,,21.3,18.7,,,13.7,,24.6,9.34,17.2,,,20.7,14.9,
2004,,17.6,26.8,21.7,17.2,13.1,14,24.4,26.3,,9.43,4.22,7.05,25.3,18.4,25.4,19.7,14.6,7.68,15,,,15.8,21.2,12.7,,8.12,13.4,,,16.4,,,5.28,7.85,13.4,14.2,19.9,37.1,15.5,31.3,20.3,12.5,13.8,12.7,,1.3,9.68,22.2,21.9,22.1,7.85,9.93,10.4,,19.1,17.3,11.6,14.5,20.4,25,9.7,12.3,5.2,,25.1,24.8,21,24.2,9.35,,13.9,,,1.32,,,20.4,16.7,37.8,,5.6,24.2,,10.9,,15.2,10.5,13.7,55.3,,16.7,,,16.4,,19,,3.27,24.3,8.97,20.4,29.3,12.2,0.905,27.3,1.95,10.3,,,,,13.7,11.8,15.7,19.9,25.5,17.1,13.2,,,14.5,12.6,,,,8.16,11.7,17.2,20.6,,24.3,13.4,15,13.5,21.4,20.6,20.6,21,22.2,27.2,9.22,16.4,,14.9,,15.3,22,18.7,,,13.3,,25.2,9.49,17.8,,,21.7,15.3,
2005,,,30.8,22.4,16.5,13.1,14.3,24.9,25.5,,10,1.16,7.14,26.2,20.1,25.4,21.3,13.8,8.35,16.2,19.9,,16.5,20.5,11.8,,7.89,13.3,21.1,,18,8.57,,5.92,6.24,13.7,13.9,19.8,39,14.4,33.1,22.9,13.7,14.1,14.5,,1.23,8.72,21.3,21.8,22.3,7.21,12.1,10.6,,20.3,18.3,11.2,14.5,19.9,27.4,10.2,,6.66,,25.5,25.4,20.8,23.2,10.1,,,,,1.03,,,21.5,15.3,37.4,13.2,5.72,25.6,18.4,10.1,,14.8,11.6,13.3,59,,17.8,,,18.5,,21,,3.88,25.8,9.18,21.4,30.3,12.9,2.87,28.2,2,9.6,,4.94,,10.2,14.1,12.4,16.5,20.5,20.3,17.2,16.6,,,15.4,11,,,27.3,8.08,11.6,18,21.1,,25.7,13.9,15.7,13.7,20.8,21.1,20.8,20.5,22,28.5,9.43,13.8,,16.1,,13.9,26.4,18.9,,,17.1,,25.5,10.6,17.9,,,20.9,14.8,
2006,6.88,,40.8,29.3,18.2,12.9,14.4,24.6,25.1,,11.2,1.17,7.04,25.1,22.2,25.2,21.8,14.2,9.03,16.8,21.7,26.9,15.4,21.1,12.1,,8.18,13.4,22.7,,19.5,9.06,,6.83,5.79,13.9,14.7,19.9,40.9,14.1,31.9,23.5,14,15.8,15.7,9.67,1.28,8.26,23.2,21.5,22.6,7.98,15.4,10.8,,20,19.1,11.9,15.2,19.8,27.4,11.4,,6.22,,26.8,26.1,22.1,24,10.5,,,,,0.97,,,22.2,15.2,48,13.4,5.93,24.2,18.1,10.7,,14.5,11.8,13.3,60.2,,16,,,19.6,28.7,21.5,,,29.1,8.78,21.8,32,13.7,2.41,28.9,1.94,10.4,,4.6,,10.5,15.7,13.7,17.2,21.1,20.1,17.7,16.6,,,15.7,16.1,,,24.7,8.43,11.9,16.8,20.8,,27.3,14.3,16.1,14.6,21.1,19.7,21.9,16.7,31,28.5,9.52,14.6,,15.6,,14.8,30.3,18.5,,,17.7,,25.7,11.3,19,,,22.2,13.7,
2007,5.23,,37.4,23.2,19.5,12.4,16,24.1,25.4,,11.4,1.15,6.92,26.8,23.7,24.7,22.9,15.7,7.52,17,21.4,25.7,15.8,22.9,12.7,,9.7,13.4,20.9,,20.3,9.77,,6.99,6.6,14.9,15.1,19.9,48.3,14.5,35.1,25.1,14.9,15.3,16.7,7.55,1.3,7.81,,21.1,22.1,13,17.7,11.3,,20.2,19.7,12.1,16.4,21.4,26.2,12.3,,5.94,,25.9,26.1,22.4,24.8,10.1,,,,,1.09,,,21.7,15.1,49.3,19,5.89,24.7,19.1,11.4,,14.3,12.1,13.1,62.9,,15.1,,,20.6,23.5,23.9,,,30.9,9.77,21.9,30.1,13.9,3.98,28.1,2.7,9.23,,4.63,,10.1,16.4,13.5,18.1,21.3,20.6,17.4,16.6,,,15.5,16.3,,22.8,23.3,7.88,12.9,16.7,20,,27.6,15.5,16.7,14.2,22.1,19.1,22.9,18.9,27.3,28.4,9.36,14.2,,15.1,,16.2,26,19.1,,,16.5,,25.9,11.3,18.4,,,21.5,13.9,
2008,6.04,,45.3,27,18.7,13.3,17.3,24.3,26.1,16.4,12.1,1.24,7.66,26.4,25.4,25.1,21.7,16.1,8.42,,20.3,27.4,15.5,22.2,11.9,,10.6,12.4,21.3,9.06,18.7,10.1,12.9,8.97,5.95,15.3,15.1,20,46.1,13.4,33.4,24.8,14.2,15.3,17.1,7.79,1.24,7.81,,20.5,22,14.7,23.8,11.4,,20.2,19.5,11.3,16.1,23.3,23.2,11.1,13.3,6.2,,23.7,23.8,21.9,24.7,8.93,17.8,,,,0.876,,12.1,20.8,16.4,51.2,20,5.93,24.7,18.5,,,14.7,11.6,11.9,26.1,18.4,17,10,4.29,20.4,21.7,26.5,,,30.1,10.4,21.4,31.5,13.2,5.46,27.9,2.42,9.49,16.7,5.06,,10.8,16.5,13.6,18.2,21,15.9,16.8,15.8,,,15.4,14.9,,22.4,22.4,8.21,13.9,16.4,19.4,,26.8,15.1,13.3,13.3,22.5,21,23.9,17.3,29.8,27,9.91,,,15.4,,14.9,29.5,20.5,17.7,,17.9,,26.5,10.3,18.2,,,22.4,14.2,
2009,8.44,,35.1,17.1,17.3,12.4,16.5,22.1,25.2,14.1,11.3,1.36,7.5,24.9,19.3,23.6,22.5,15,9.24,,18.9,27.3,14.4,19,12.5,,9.65,12.3,18.4,9.17,14.5,10.3,12.6,7.89,8.4,13.3,14.6,19.2,23.3,13.4,33.2,24.3,12.6,15.7,15,12.8,1.37,6.58,,19,20.7,15.1,23.1,11.6,,19.8,18.2,10.3,14.2,23.3,20.1,9.94,11.1,7.36,,22,21.9,22.4,25,8.37,17,,,,0.971,,12.8,18.8,16.8,58.4,,4.93,25.1,17.1,,14.5,14.9,9.1,13,26.5,18.1,18.1,9.68,4.4,17.7,16.5,23.5,,,29.4,11.8,21,29.6,13.1,5.11,25.9,3.39,8.94,16,5.22,,11.7,14.5,12.2,15.9,19.2,19.9,15.4,13,,,14.7,15.2,18,21.2,25.2,8.41,13.1,15.5,18,,24.4,14.3,11,12.8,22.2,21.2,23.7,17.2,25.3,26.9,9.68,,,14.2,,15.3,26.8,20,18.3,,16.4,,24.2,7.94,18.7,,16,20.6,12.5,10.3
2010,9.12,,34.4,16.9,18.5,12.9,17.1,20.6,25.3,12.2,10.9,1.18,7.83,25.1,16.3,24.3,23.6,15.5,13.1,,19.7,23.6,13.6,18.5,12.7,13.9,10,11.8,,10.1,17.4,10.2,12.1,8.35,7.6,13.1,14.3,19.1,23.2,13.4,32.7,24.6,12.2,14.1,15.8,7.59,1.27,8.16,21.8,18.7,22,,22.1,11.1,13.7,20.2,18.7,10.4,14.4,22.8,20.7,10.5,10.5,,,21.8,22.5,22.3,24.3,8.81,16,15.7,,16,0.979,,13,19.8,16.9,37.3,17.3,4.62,25,16.9,,15.4,13.3,8.85,12.9,26.1,17.1,18,10.1,4.67,18.2,19.6,22.8,16.1,,25.9,13.4,21.3,26.1,13.7,2.27,26.8,2.54,9.98,17,5.45,,12.1,15.5,12.1,16.5,19.7,14.7,16.6,13,,21.7,13.7,17.7,18.7,21.4,27.9,9.08,13,15,18.1,,25,14,13,11.3,22.1,19.5,22.9,15.7,16,27.1,9.72,,,14.9,24.3,15.7,26.2,20.1,19.4,,15.6,,25.4,8.61,18.9,,15.5,22.3,13.2,20.7
2011,8.85,18,37.2,17.3,17.9,12.7,17.2,20.4,25.4,12.2,12.9,1.11,8.69,25.9,14.5,24.7,22.6,14.8,13.5,,20.3,23.2,14.2,17.7,13.7,14.7,10.2,11.8,,9.29,18.9,10.3,14.6,,8.86,13.4,10.9,18.4,23.3,14.3,32.8,23.1,12.3,14,15.3,7.02,1.23,9.21,23,20.1,21.8,,23.8,11.4,,22.1,19.2,10.8,14.8,21.1,21.2,10.2,11.2,,,21.8,22.7,22.3,23.4,9.36,15,18.3,,18.1,0.8,,13.1,20,16.3,34.8,17.3,4.49,24.6,17,,15.5,14.8,12.1,12.5,26.1,16.7,18,10,4.98,18.3,18.5,23.3,18.7,,30,13.3,20.4,25.6,14.5,1.8,27.7,2.27,9.19,18.3,5.25,,12.6,16,12.4,16.7,21.2,,18,13.9,,19.4,14.2,17.7,19,20.2,31.5,9.31,13.3,15.5,17.9,28.7,25.2,14.4,12.4,11.3,20.3,19.7,22.6,18.5,16.3,26.5,9.65,,,16.4,24.9,16.4,25.6,21.2,18.7,,18.5,0.321,26.1,9.59,19.1,16.2,16,22.2,17.1,20.9
2012,7.47,17.5,,16.7,18.5,13,17.5,21.2,25.9,12.8,11.9,,9.02,24.2,14.7,25.7,22.5,14.4,14.7,,20.5,26.6,13.7,19,15.6,13.7,11.1,11.7,17.9,,19,10.2,13.3,,9.43,13.3,14.3,19.5,23.3,14.7,33.4,23,13,12.4,16.2,8.74,1.27,9.38,23.2,20.3,22.6,,24.1,11.6,,23.6,18.7,10.8,14.7,22.9,22.1,10.8,11.4,,,22.5,22.1,23.6,24.3,9.68,15.3,13.3,,18.5,0.716,,13.6,21.1,15.2,48,20.9,4.51,25.7,16.4,,13.6,15.6,,13,26.4,15.8,18.6,9.77,4.91,18.6,15.3,,20.4,4.52,32.9,13.9,19.6,26.8,15,1.56,27,2.6,,18,4.56,,12.8,16.5,12.9,16,20.9,,17.9,13.7,,19.6,16.1,14.6,19,19.7,30.4,9.51,13.8,15,18,29.2,25.6,14.7,12.2,10.4,21.7,19.1,23,19.5,28.6,26.1,9.52,,,15.4,25.7,16.6,26.4,21.1,18.4,,18.3,0.364,25.2,9.82,18.8,17.2,16.6,19,16.2,21.4
2013,7.08,16.5,,15.5,17.2,12.5,,22.1,26.4,13.4,11.4,1.07,8.96,23.4,13.4,26.2,23.3,15.4,14.4,,19.8,25.6,13.4,19.8,16.8,12.2,12.1,11.7,,,17.4,9.87,14.1,,,13.7,14.5,19,23.4,14.9,33.8,22.4,13.5,13.5,17.1,8.52,1.29,8.76,23.6,20.7,23.2,,23.4,11.6,,23.7,18.4,10.9,15.1,22.7,22.7,11,11.3,,,22.8,23,23.7,24,10.4,15.3,16,,17.8,0.777,17.6,13.7,22,14.3,45.9,20.3,4.53,25.9,15.7,,14.1,15.3,,13,26.8,15.9,18.4,10.3,5.49,18.4,15.7,,23.1,5.53,31.5,15.3,19.9,26.6,15,1.48,25.1,2.52,,18.4,4.81,,12,16.4,13.3,15.6,22.8,,17.6,12.9,,22.1,15.4,,,,28.1,9.12,13.4,15.9,18,30.3,26,14.3,14,10.5,19.8,20.2,21.6,,,26.2,9.6,,,16.9,23.2,20,,,18.5,,17.6,0.37,25.2,10.6,19,17.5,17.2,19.1,15.7,
2014,6.84,18.3,,15.6,16.5,12.6,21.6,22,26.4,14.2,11.4,,8.64,24,12.7,26.3,23.4,,13.3,,19.8,25.8,12.8,19.6,15.4,,14.6,11.8,,,17,9.67,15,,,13.4,14,19.1,24.5,14.2,36.5,22.1,13.6,12.2,16.7,8.3,1.34,,24.6,20.8,23.2,,23.5,11.5,,24.4,19.4,10.8,16.5,23,25.3,,10.8,,0.89,23.2,23.3,23.5,24.1,11.5,,14.2,16.9,17.8,0.89,17.5,13.8,22.4,14.2,45.2,,4.59,25.6,16.2,,15.9,14.8,19.5,12.6,26.9,15.9,18.5,10.6,12.6,19.8,12.9,,25.4,5.84,33.6,15.9,20.9,26.8,15.3,,23.5,,,19.2,5.71,18,12.7,16.7,13.6,15.5,22.7,,17.9,13.2,13.3,23.1,,,19.6,,30.1,8.6,13.7,16.7,18.2,29.2,26.5,13.9,14.3,10.1,20.4,20.4,23.9,,,26.3,9.4,,11.9,15.6,22.5,,27.1,,18.1,,17.3,0.356,24.9,11,18.6,17.3,17.4,,17,
2015,7.55,18.5,,12.5,,12.3,20.9,22,26.8,15.6,12.7,,8.5,26.1,14.2,24.7,,,13.8,,19.9,24.7,12.8,20.2,15.1,,14.2,12.3,,,17.4,9.37,15.1,,,13.7,15.4,,24.1,14.6,33.9,,13.3,12.5,16.9,11.5,1.4,,25.5,20.7,23.2,,23.8,11.4,,24.9,,10.2,17.3,23.4,23.5,,10.8,,1.23,18.9,23.4,23.4,24.8,11.4,,9.84,16.3,22.3,1.38,16.8,13.5,22.8,13.6,40.6,,4.82,25,16.8,,15.2,14.3,,14.1,25.6,17.5,8.99,12.8,5.44,19.5,11.8,,21.9,6.01,32.5,16.7,21.5,27.4,15.8,,22.1,,,19.3,5.6,16,12.9,14.9,13.6,15.6,22.9,,18.9,10.6,13.7,22.7,16.2,,20.6,,29.6,,13.3,17.6,18.5,29.2,27.3,13.9,14.4,12.4,,,,,,27,9.85,,,16,18.5,21.8,,,18.2,12.9,20.5,0.0577,25.2,11.2,18.5,17.5,16.7,,16.8,
2016,,17.6,,10.3,,12.2,21.3,22.3,25.7,,14.2,,8.77,,13.8,23.1,,,13.2,,20,20.8,12.9,20,15.8,,15.3,12.2,,,17.4,,13.3,,,14,15.2,,24.3,14.7,33.7,,13.5,,17.6,,1.43,,,21,23.1,,23.5,11.2,,26.7,,10.4,,23.4,38.5,,10.3,,2.02,18.8,23.4,23.7,26.1,11.1,,9.92,15.8,24.5,,16.9,12.9,23.9,13.9,34.2,,4.93,25.7,16.8,,15.5,13.8,,15.4,26.2,17.8,18.1,13.6,6.05,19.3,11.3,,20.1,6.41,28.5,18.7,22.2,27.2,16.3,,22,,,19.7,,13.5,12.6,13.8,13.7,16.2,22.5,,16.8,9.13,14.8,24.2,15.4,,20.5,,31.7,,13.7,17.4,18.6,26.7,27.1,14.8,13.8,12.3,,,,,,27.7,9.77,,,15.5,9.82,21.9,,,18.3,13.5,19.6,0.0435,25.6,10.9,23.7,17.3,16.6,,14.9,
2017,,,,,,,,,,,,,,,,,,,,,,,,,,,,12.2,,,,,,,,,,,,,,,,,,,,,,,,,,,,,,,,,,,,,,,,,,,,,,,,,,,,36.4,,,,,,17.3,,,,,,,,,,,,,5.82,,21.3,,,,,,,,,,,13.2,,,,,,,,,24.3,,,,,,,,,,,,,,,,,,,,,,,,,,,,,,,,,,,,,,,,
